timestamp,model_name,backbone,split_mode,fold_name,seed,model_input_mode,image_crop_mode,run_stem,model_path,tflite_path,held_out_sample,held_out_cut,capture_source,phone_group,test_count,train_count,val_count,predictions_path,h5_size_mb,tflite_size_mb,inference_mean_ms_per_image,inference_std_ms_per_image,training_output_root,history_head,history_fine,checkpoint_path,class_weights_json,accuracy,macro_precision,macro_recall,macro_f1,classification_report_json,confusion_matrix_json,normalized_confusion_matrix_json,prediction_distribution_json,fresh_precision,fresh_recall,fresh_f1,fresh_support,not_fresh_precision,not_fresh_recall,not_fresh_f1,not_fresh_support,spoiled_precision,spoiled_recall,spoiled_f1,spoiled_support,top_2_accuracy,adjacent_accuracy,severe_error_rate,mean_absolute_ordinal_error,borderline_rate,low_confidence_rate,adjacent_pair_combined_confidence_mean,non_adjacent_top2_rate
2026-05-19T11:50:05.907727,meatlens_mobilenetv3small_8fold_processed_roi_cnn_only,MobileNetV3Small,cross_rotation_interval200_8samples_processed_roi,fold1,42,cnn_only,preprocessed_hsv_lab_threshold_roi_224,processed_roi8_cnn_only_fold1_seed42,e:\Thesis Code\training_outputs\mobilenetv3small_8fold_processed_roi_cnn_only\models\processed_roi8_cnn_only_fold1_seed42.h5,e:\Thesis Code\training_outputs\mobilenetv3small_8fold_processed_roi_cnn_only\models\processed_roi8_cnn_only_fold1_seed42.tflite,pork_shoulder_sample_1,shoulder,researcher_home,old_phone,600,3413,602,e:\Thesis Code\training_outputs\mobilenetv3small_8fold_processed_roi_cnn_only\predictions\processed_roi8_cnn_only_fold1_seed42_predictions.csv,4.735298156738281,3.8798255920410156,1.0975777833330844,0.029558107893049038,e:\Thesis Code\training_outputs\mobilenetv3small_8fold_processed_roi_cnn_only,"{'loss': [0.9093151688575745, 0.5065081715583801, 0.38708770275115967, 0.3350474536418915, 0.2912324070930481, 0.2719871401786804, 0.24815180897712708, 0.21384653449058533], 'accuracy': [0.5918546915054321, 0.7902138829231262, 0.8411954641342163, 0.8687372207641602, 0.8874890208244324, 0.8892470002174377, 0.8989159464836121, 0.9150307774543762], 'val_loss': [0.4368007779121399, 0.2765188217163086, 0.2444959580898285, 0.19640231132507324, 0.16127316653728485, 0.14355620741844177, 0.1577574610710144, 0.12521150708198547], 'val_accuracy': [0.8421926498413086, 0.9069766998291016, 0.8986710906028748, 0.9285714030265808, 0.9468438029289246, 0.9435215592384338, 0.9368770718574524, 0.9584717154502869], 'val_f1_macro': [0.8446613873716792, 0.9097657915784064, 0.8979048556430446, 0.9294986616917695, 0.9479953688237636, 0.9443567408492003, 0.9384462931184405, 0.9590562704519874], 'lr': [0.0005, 0.0005, 0.0005, 0.0005, 0.0005, 0.0005, 0.0005, 0.00025]}","{'loss': [0.20290006697177887, 0.18924717605113983, 0.18324774503707886, 0.17849989235401154, 0.17361727356910706, 0.17452837526798248, 0.1695217490196228], 'accuracy': [0.9232347011566162, 0.9232347011566162, 0.9337826371192932, 0.9346616268157959, 0.9346616268157959, 0.9364196062088013, 0.9390565752983093], 'val_loss': [0.12260005623102188, 0.12121883034706116, 0.11984951049089432, 0.11916998773813248, 0.11852607876062393, 0.11854755878448486, 0.11764660477638245], 'val_accuracy': [0.9568105936050415, 0.9584717154502869, 0.960132896900177, 0.9584717154502869, 0.9584717154502869, 0.960132896900177, 0.960132896900177], 'val_f1_macro': [0.9575027097107393, 0.9590798354673596, 0.9606999667305952, 0.958993539703917, 0.9589543099106752, 0.9605787853062857, 0.9606649466342545], 'lr': [1e-05, 1e-05, 1e-05, 1e-05, 1e-05, 5e-06, 5e-06]}",,"{""0"": 1.101323007421749, ""1"": 0.9560224089635855, ""2"": 0.9560224089635855}",0.7216666666666667,0.7754305392861992,0.7216666666666667,0.7078165570848154,"{""fresh"": {""precision"": 0.9894736842105263, ""recall"": 0.47, ""f1-score"": 0.6372881355932203, ""support"": 200.0}, ""not fresh"": {""precision"": 0.6495327102803738, ""recall"": 0.695, ""f1-score"": 0.6714975845410628, ""support"": 200.0}, ""spoiled"": {""precision"": 0.6872852233676976, ""recall"": 1.0, ""f1-score"": 0.814663951120163, ""support"": 200.0}, ""accuracy"": 0.7216666666666667, ""macro avg"": {""precision"": 0.7754305392861992, ""recall"": 0.7216666666666667, ""f1-score"": 0.7078165570848154, ""support"": 600.0}, ""weighted avg"": {""precision"": 0.7754305392861992, ""recall"": 0.7216666666666667, ""f1-score"": 0.7078165570848154, ""support"": 600.0}}","[[94, 75, 31], [1, 139, 60], [0, 0, 200]]","[[0.47, 0.375, 0.155], [0.005, 0.695, 0.3], [0.0, 0.0, 1.0]]","{""fresh"": 95, ""not fresh"": 214, ""spoiled"": 291}",0.9894736842105263,0.47,0.6372881355932203,200,0.6495327102803738,0.695,0.6714975845410628,200,0.6872852233676976,1.0,0.814663951120163,200,0.9316666666666666,0.9483333333333334,0.051666666666666666,0.33,0.7916666666666666,0.27666666666666667,0.9229959231805583,0.06166666666666667
2026-05-19T11:52:08.141451,meatlens_mobilenetv3small_8fold_processed_roi_cnn_only,MobileNetV3Small,cross_rotation_interval200_8samples_processed_roi,fold1,123,cnn_only,preprocessed_hsv_lab_threshold_roi_224,processed_roi8_cnn_only_fold1_seed123,e:\Thesis Code\training_outputs\mobilenetv3small_8fold_processed_roi_cnn_only\models\processed_roi8_cnn_only_fold1_seed123.h5,e:\Thesis Code\training_outputs\mobilenetv3small_8fold_processed_roi_cnn_only\models\processed_roi8_cnn_only_fold1_seed123.tflite,pork_shoulder_sample_1,shoulder,researcher_home,old_phone,600,3413,602,e:\Thesis Code\training_outputs\mobilenetv3small_8fold_processed_roi_cnn_only\predictions\processed_roi8_cnn_only_fold1_seed123_predictions.csv,4.735298156738281,3.8798255920410156,1.0976870999996513,0.07881304267903677,e:\Thesis Code\training_outputs\mobilenetv3small_8fold_processed_roi_cnn_only,"{'loss': [0.8002193570137024, 0.48796340823173523, 0.3810478746891022, 0.32858458161354065, 0.29088255763053894, 0.27001556754112244, 0.25052550435066223, 0.22049014270305634], 'accuracy': [0.6322883367538452, 0.8054497838020325, 0.8467624187469482, 0.8707881569862366, 0.8842660784721375, 0.8904190063476562, 0.9006739258766174, 0.9112218022346497], 'val_loss': [0.4372086524963379, 0.2731967270374298, 0.21341493725776672, 0.18898873031139374, 0.15573453903198242, 0.14091700315475464, 0.13320277631282806, 0.11884308606386185], 'val_accuracy': [0.8538205623626709, 0.9119601249694824, 0.9252491593360901, 0.9485049843788147, 0.9568105936050415, 0.9534883499145508, 0.9451826810836792, 0.9584717154502869], 'val_f1_macro': [0.8520397918562641, 0.9139601499248039, 0.9269610626907693, 0.949631055711742, 0.957723110392172, 0.9541478033792942, 0.9454801794787601, 0.9590710498035692], 'lr': [0.0005, 0.0005, 0.0005, 0.0005, 0.0005, 0.0005, 0.0005, 0.00025]}","{'loss': [0.19359074532985687, 0.17877435684204102, 0.1754654496908188, 0.17880016565322876, 0.17481562495231628], 'accuracy': [0.9261646866798401, 0.9334896206855774, 0.9393495917320251, 0.9378845691680908, 0.9408145546913147], 'val_loss': [0.11744885891675949, 0.1174313947558403, 0.11641629785299301, 0.1154928207397461, 0.11514057964086533], 'val_accuracy': [0.9617940187454224, 0.960132896900177, 0.960132896900177, 0.960132896900177, 0.960132896900177], 'val_f1_macro': [0.962236196390371, 0.9606539298839895, 0.9606539298839895, 0.9606539298839895, 0.9606539298839895], 'lr': [1e-05, 1e-05, 1e-05, 5e-06, 5e-06]}",,"{""0"": 1.101323007421749, ""1"": 0.9560224089635855, ""2"": 0.9560224089635855}",0.6966666666666667,0.7741869918699186,0.6966666666666667,0.6736193847304959,"{""fresh"": {""precision"": 1.0, ""recall"": 0.375, ""f1-score"": 0.5454545454545454, ""support"": 200.0}, ""not fresh"": {""precision"": 0.697560975609756, ""recall"": 0.715, ""f1-score"": 0.7061728395061728, ""support"": 200.0}, ""spoiled"": {""precision"": 0.625, ""recall"": 1.0, ""f1-score"": 0.7692307692307693, ""support"": 200.0}, ""accuracy"": 0.6966666666666667, ""macro avg"": {""precision"": 0.7741869918699186, ""recall"": 0.6966666666666667, ""f1-score"": 0.6736193847304959, ""support"": 600.0}, ""weighted avg"": {""precision"": 0.7741869918699187, ""recall"": 0.6966666666666667, ""f1-score"": 0.6736193847304959, ""support"": 600.0}}","[[75, 62, 63], [0, 143, 57], [0, 0, 200]]","[[0.375, 0.31, 0.315], [0.0, 0.715, 0.285], [0.0, 0.0, 1.0]]","{""fresh"": 75, ""not fresh"": 205, ""spoiled"": 320}",1.0,0.375,0.5454545454545454,200,0.697560975609756,0.715,0.7061728395061728,200,0.625,1.0,0.7692307692307693,200,0.9083333333333333,0.895,0.105,0.4083333333333333,0.6766666666666666,0.25166666666666665,0.908108716369957,0.056666666666666664
2026-05-19T11:54:28.373135,meatlens_mobilenetv3small_8fold_processed_roi_cnn_only,MobileNetV3Small,cross_rotation_interval200_8samples_processed_roi,fold1,2026,cnn_only,preprocessed_hsv_lab_threshold_roi_224,processed_roi8_cnn_only_fold1_seed2026,e:\Thesis Code\training_outputs\mobilenetv3small_8fold_processed_roi_cnn_only\models\processed_roi8_cnn_only_fold1_seed2026.h5,e:\Thesis Code\training_outputs\mobilenetv3small_8fold_processed_roi_cnn_only\models\processed_roi8_cnn_only_fold1_seed2026.tflite,pork_shoulder_sample_1,shoulder,researcher_home,old_phone,600,3413,602,e:\Thesis Code\training_outputs\mobilenetv3small_8fold_processed_roi_cnn_only\predictions\processed_roi8_cnn_only_fold1_seed2026_predictions.csv,4.735298156738281,3.8798255920410156,1.094886116666809,0.04923681752613542,e:\Thesis Code\training_outputs\mobilenetv3small_8fold_processed_roi_cnn_only,"{'loss': [0.9002968668937683, 0.5083941221237183, 0.3934708833694458, 0.33888208866119385, 0.302631676197052, 0.2604636251926422, 0.25493910908699036, 0.23855465650558472], 'accuracy': [0.5859947204589844, 0.790506899356842, 0.8467624187469482, 0.8549663424491882, 0.8784061074256897, 0.8968649506568909, 0.8930559754371643, 0.9068268537521362], 'val_loss': [0.45165345072746277, 0.29601070284843445, 0.22908622026443481, 0.19041047990322113, 0.16913770139217377, 0.14905233681201935, 0.14472082257270813, 0.14161069691181183], 'val_accuracy': [0.8604651093482971, 0.8936876654624939, 0.9186046123504639, 0.9418604373931885, 0.9252491593360901, 0.9551494717597961, 0.9568105936050415, 0.9451826810836792], 'val_f1_macro': [0.8642785815897583, 0.8945775203253782, 0.9203973256330635, 0.9423818763999293, 0.9271156740495985, 0.955441837865033, 0.9580593763210093, 0.9453914063381544], 'lr': [0.0005, 0.0005, 0.0005, 0.0005, 0.0005, 0.0005, 0.0005, 0.0005]}","{'loss': [0.20787473022937775, 0.19058577716350555, 0.186773419380188, 0.17956756055355072, 0.17678867280483246, 0.1695362627506256, 0.17355921864509583, 0.16475051641464233, 0.21068526804447174, 0.2150692641735077], 'accuracy': [0.9191327691078186, 0.9264577031135559, 0.9293876886367798, 0.9323176145553589, 0.9378845691680908, 0.9346616268157959, 0.9358335733413696, 0.939935564994812, 0.9191327691078186, 0.9147378206253052], 'val_loss': [0.1288079470396042, 0.12590478360652924, 0.12489570677280426, 0.12327048182487488, 0.12282001972198486, 0.12223232537508011, 0.12162920087575912, 0.12136544287204742, 0.12115618586540222, 0.12091904133558273], 'val_accuracy': [0.9568105936050415, 0.960132896900177, 0.960132896900177, 0.9584717154502869, 0.9584717154502869, 0.960132896900177, 0.9584717154502869, 0.9584717154502869, 0.9584717154502869, 0.9584717154502869], 'val_f1_macro': [0.9572442996802009, 0.9605787853062857, 0.9605787853062857, 0.958993539703917, 0.958993539703917, 0.9606175014625098, 0.958993539703917, 0.958993539703917, 0.958993539703917, 0.958993539703917], 'lr': [1e-05, 1e-05, 1e-05, 1e-05, 5e-06, 5e-06, 2.5e-06, 2.5e-06, 1.25e-06, 1.25e-06]}",,"{""0"": 1.101323007421749, ""1"": 0.9560224089635855, ""2"": 0.9560224089635855}",0.6866666666666666,0.7507259908794436,0.6866666666666666,0.6685727810468797,"{""fresh"": {""precision"": 0.9764705882352941, ""recall"": 0.415, ""f1-score"": 0.5824561403508772, ""support"": 200.0}, ""not fresh"": {""precision"": 0.6328502415458938, ""recall"": 0.655, ""f1-score"": 0.6437346437346437, ""support"": 200.0}, ""spoiled"": {""precision"": 0.6428571428571429, ""recall"": 0.99, ""f1-score"": 0.7795275590551181, ""support"": 200.0}, ""accuracy"": 0.6866666666666666, ""macro avg"": {""precision"": 0.7507259908794436, ""recall"": 0.6866666666666666, ""f1-score"": 0.6685727810468797, ""support"": 600.0}, ""weighted avg"": {""precision"": 0.7507259908794436, ""recall"": 0.6866666666666666, ""f1-score"": 0.6685727810468797, ""support"": 600.0}}","[[83, 76, 41], [0, 131, 69], [2, 0, 198]]","[[0.415, 0.38, 0.205], [0.0, 0.655, 0.345], [0.01, 0.0, 0.99]]","{""fresh"": 85, ""not fresh"": 207, ""spoiled"": 308}",0.9764705882352941,0.415,0.5824561403508772,200,0.6328502415458938,0.655,0.6437346437346437,200,0.6428571428571429,0.99,0.7795275590551181,200,0.95,0.9283333333333333,0.07166666666666667,0.385,0.72,0.27166666666666667,0.9196819234203982,0.07833333333333334
2026-05-19T11:56:49.681947,meatlens_mobilenetv3small_8fold_processed_roi_cnn_only,MobileNetV3Small,cross_rotation_interval200_8samples_processed_roi,fold2,42,cnn_only,preprocessed_hsv_lab_threshold_roi_224,processed_roi8_cnn_only_fold2_seed42,e:\Thesis Code\training_outputs\mobilenetv3small_8fold_processed_roi_cnn_only\models\processed_roi8_cnn_only_fold2_seed42.h5,e:\Thesis Code\training_outputs\mobilenetv3small_8fold_processed_roi_cnn_only\models\processed_roi8_cnn_only_fold2_seed42.tflite,pork_shoulder_sample_2,shoulder,partner_home,old_phone,600,3413,602,e:\Thesis Code\training_outputs\mobilenetv3small_8fold_processed_roi_cnn_only\predictions\processed_roi8_cnn_only_fold2_seed42_predictions.csv,4.735298156738281,3.8798255920410156,1.072322433333587,0.04809036233920374,e:\Thesis Code\training_outputs\mobilenetv3small_8fold_processed_roi_cnn_only,"{'loss': [0.898122251033783, 0.510942280292511, 0.395570307970047, 0.3438338339328766, 0.3098197877407074, 0.27258047461509705, 0.2644403278827667, 0.23961596190929413], 'accuracy': [0.6073835492134094, 0.7893348932266235, 0.8370934724807739, 0.8590682744979858, 0.8734251856803894, 0.8910049796104431, 0.8907120227813721, 0.9018459320068359], 'val_loss': [0.4146720767021179, 0.2998657524585724, 0.24474993348121643, 0.18680056929588318, 0.19892805814743042, 0.15351924300193787, 0.1427985429763794, 0.13966035842895508], 'val_accuracy': [0.8687707185745239, 0.9186046123504639, 0.8853820562362671, 0.9385381937026978, 0.9235880374908447, 0.9468438029289246, 0.9551494717597961, 0.9435215592384338], 'val_f1_macro': [0.8690708182025192, 0.9207521068277099, 0.8848381267441522, 0.9399386805122258, 0.9254870930053368, 0.947661298938795, 0.9559991979346818, 0.9445206872005931], 'lr': [0.0005, 0.0005, 0.0005, 0.0005, 0.0005, 0.0005, 0.0005, 0.0005]}","{'loss': [0.2052747756242752, 0.20585674047470093, 0.1941853016614914, 0.19393528997898102, 0.18680867552757263, 0.1782262772321701, 0.17784960567951202, 0.1706560254096985, 0.21403822302818298, 0.21602171659469604], 'accuracy': [0.915323793888092, 0.921183705329895, 0.9285086393356323, 0.9288016557693481, 0.9288016557693481, 0.9381775856018066, 0.9320246577262878, 0.9390565752983093, 0.9167887568473816, 0.9156168103218079], 'val_loss': [0.13382023572921753, 0.1311243176460266, 0.12875401973724365, 0.12679894268512726, 0.12535524368286133, 0.12402603030204773, 0.12223626673221588, 0.12169766426086426, 0.12104975432157516, 0.12075340002775192], 'val_accuracy': [0.9518272280693054, 0.9518272280693054, 0.9568105936050415, 0.9584717154502869, 0.9584717154502869, 0.960132896900177, 0.9584717154502869, 0.9584717154502869, 0.9584717154502869, 0.9584717154502869], 'val_f1_macro': [0.9527050712837802, 0.9527050712837802, 0.9575272795261339, 0.9591139360325466, 0.9591139360325466, 0.9607748197107712, 0.9591139360325466, 0.9591465711010304, 0.9591465711010304, 0.9591465711010304], 'lr': [1e-05, 1e-05, 1e-05, 1e-05, 1e-05, 1e-05, 1e-05, 1e-05, 5e-06, 5e-06]}",,"{""0"": 1.101323007421749, ""1"": 0.9560224089635855, ""2"": 0.9560224089635855}",0.5166666666666667,0.4099117753393527,0.5166666666666667,0.454889323152108,"{""fresh"": {""precision"": 0.03488372093023256, ""recall"": 0.015, ""f1-score"": 0.02097902097902098, ""support"": 200.0}, ""not fresh"": {""precision"": 0.610236220472441, ""recall"": 0.775, ""f1-score"": 0.6828193832599119, ""support"": 200.0}, ""spoiled"": {""precision"": 0.5846153846153846, ""recall"": 0.76, ""f1-score"": 0.6608695652173913, ""support"": 200.0}, ""accuracy"": 0.5166666666666667, ""macro avg"": {""precision"": 0.4099117753393527, ""recall"": 0.5166666666666667, ""f1-score"": 0.454889323152108, ""support"": 600.0}, ""weighted avg"": {""precision"": 0.4099117753393527, ""recall"": 0.5166666666666667, ""f1-score"": 0.45488932315210806, ""support"": 600.0}}","[[3, 91, 106], [43, 155, 2], [40, 8, 152]]","[[0.015, 0.455, 0.53], [0.215, 0.775, 0.01], [0.2, 0.04, 0.76]]","{""fresh"": 86, ""not fresh"": 254, ""spoiled"": 260}",0.03488372093023256,0.015,0.02097902097902098,200,0.610236220472441,0.775,0.6828193832599119,200,0.5846153846153846,0.76,0.6608695652173913,200,0.6166666666666667,0.7566666666666667,0.24333333333333335,0.7266666666666667,0.7933333333333333,0.31666666666666665,0.9125862797510993,0.14666666666666667
2026-05-19T11:59:31.616880,meatlens_mobilenetv3small_8fold_processed_roi_cnn_only,MobileNetV3Small,cross_rotation_interval200_8samples_processed_roi,fold2,123,cnn_only,preprocessed_hsv_lab_threshold_roi_224,processed_roi8_cnn_only_fold2_seed123,e:\Thesis Code\training_outputs\mobilenetv3small_8fold_processed_roi_cnn_only\models\processed_roi8_cnn_only_fold2_seed123.h5,e:\Thesis Code\training_outputs\mobilenetv3small_8fold_processed_roi_cnn_only\models\processed_roi8_cnn_only_fold2_seed123.tflite,pork_shoulder_sample_2,shoulder,partner_home,old_phone,600,3413,602,e:\Thesis Code\training_outputs\mobilenetv3small_8fold_processed_roi_cnn_only\predictions\processed_roi8_cnn_only_fold2_seed123_predictions.csv,4.735298156738281,3.8798255920410156,1.0729140666665749,0.0419963519610727,e:\Thesis Code\training_outputs\mobilenetv3small_8fold_processed_roi_cnn_only,"{'loss': [0.8107025027275085, 0.494956374168396, 0.3863544464111328, 0.34373724460601807, 0.2949860394001007, 0.28010544180870056, 0.2539971172809601, 0.23900319635868073], 'accuracy': [0.6267213821411133, 0.7966598272323608, 0.8426604270935059, 0.8631702661514282, 0.8816291093826294, 0.8854380249977112, 0.8956929445266724, 0.9036039113998413], 'val_loss': [0.40256887674331665, 0.28128868341445923, 0.2324204444885254, 0.19064509868621826, 0.15512998402118683, 0.14057596027851105, 0.14007675647735596, 0.13254918158054352], 'val_accuracy': [0.8903654217720032, 0.9086378812789917, 0.9186046123504639, 0.9335547685623169, 0.9468438029289246, 0.9501661062240601, 0.9385381937026978, 0.9468438029289246], 'val_f1_macro': [0.8906889500716483, 0.9104786627597065, 0.9207888185803143, 0.9344103682764645, 0.9475001695736314, 0.9510238732379458, 0.9392571927247895, 0.9472756079216521], 'lr': [0.0005, 0.0005, 0.0005, 0.0005, 0.0005, 0.0005, 0.0005, 0.0005]}","{'loss': [0.1999385803937912, 0.2005820870399475, 0.18340648710727692, 0.19233056902885437, 0.17746740579605103, 0.1797744482755661, 0.17819444835186005, 0.17045198380947113, 0.2192838340997696, 0.2085009515285492, 0.21635685861110687, 0.21597225964069366, 0.2172067016363144, 0.20908835530281067, 0.20958833396434784], 'accuracy': [0.9220627546310425, 0.9226487278938293, 0.9311456680297852, 0.9296806454658508, 0.9355406165122986, 0.9349545836448669, 0.9311456680297852, 0.937298595905304, 0.9109288454055786, 0.9191327691078186, 0.9121007919311523, 0.9162027835845947, 0.9167887568473816, 0.9232347011566162, 0.9167887568473816], 'val_loss': [0.12870603799819946, 0.12593716382980347, 0.12317981570959091, 0.12101854383945465, 0.11982917785644531, 0.11793997883796692, 0.11672017723321915, 0.11597982048988342, 0.11607725918292999, 0.11589696258306503, 0.11587134003639221, 0.11558878421783447, 0.11548925936222076, 0.11544393748044968, 0.11544736474752426], 'val_accuracy': [0.9518272280693054, 0.9518272280693054, 0.9551494717597961, 0.9584717154502869, 0.960132896900177, 0.9617940187454224, 0.9617940187454224, 0.9617940187454224, 0.9617940187454224, 0.9617940187454224, 0.9634551405906677, 0.9634551405906677, 0.9634551405906677, 0.9634551405906677, 0.9634551405906677], 'val_f1_macro': [0.9521654035553383, 0.9523097115786673, 0.9557635508383034, 0.959007220962445, 0.960628528835512, 0.9622123676884377, 0.9622495601864064, 0.9622495601864064, 0.9622495601864064, 0.9622495601864064, 0.9638337311253823, 0.9638337311253823, 0.9638337311253823, 0.9638337311253823, 0.9638337311253823], 'lr': [1e-05, 1e-05, 1e-05, 1e-05, 1e-05, 1e-05, 1e-05, 1e-05, 5e-06, 5e-06, 2.5e-06, 2.5e-06, 2.5e-06, 1.25e-06, 1.25e-06]}",,"{""0"": 1.101323007421749, ""1"": 0.9560224089635855, ""2"": 0.9560224089635855}",0.445,0.38364159060753494,0.445,0.40727529855436834,"{""fresh"": {""precision"": 0.03759398496240601, ""recall"": 0.025, ""f1-score"": 0.03003003003003003, ""support"": 200.0}, ""not fresh"": {""precision"": 0.5347593582887701, ""recall"": 0.5, ""f1-score"": 0.5167958656330749, ""support"": 200.0}, ""spoiled"": {""precision"": 0.5785714285714286, ""recall"": 0.81, ""f1-score"": 0.675, ""support"": 200.0}, ""accuracy"": 0.445, ""macro avg"": {""precision"": 0.38364159060753494, ""recall"": 0.445, ""f1-score"": 0.40727529855436834, ""support"": 600.0}, ""weighted avg"": {""precision"": 0.3836415906075349, ""recall"": 0.445, ""f1-score"": 0.40727529855436834, ""support"": 600.0}}","[[5, 80, 115], [97, 100, 3], [31, 7, 162]]","[[0.025, 0.4, 0.575], [0.485, 0.5, 0.015], [0.155, 0.035, 0.81]]","{""fresh"": 133, ""not fresh"": 187, ""spoiled"": 280}",0.03759398496240601,0.025,0.03003003003003003,200,0.5347593582887701,0.5,0.5167958656330749,200,0.5785714285714286,0.81,0.675,200,0.625,0.7566666666666667,0.24333333333333335,0.7983333333333333,0.7566666666666667,0.31,0.9086266282726737,0.13333333333333333
2026-05-19T12:01:36.949985,meatlens_mobilenetv3small_8fold_processed_roi_cnn_only,MobileNetV3Small,cross_rotation_interval200_8samples_processed_roi,fold2,2026,cnn_only,preprocessed_hsv_lab_threshold_roi_224,processed_roi8_cnn_only_fold2_seed2026,e:\Thesis Code\training_outputs\mobilenetv3small_8fold_processed_roi_cnn_only\models\processed_roi8_cnn_only_fold2_seed2026.h5,e:\Thesis Code\training_outputs\mobilenetv3small_8fold_processed_roi_cnn_only\models\processed_roi8_cnn_only_fold2_seed2026.tflite,pork_shoulder_sample_2,shoulder,partner_home,old_phone,600,3413,602,e:\Thesis Code\training_outputs\mobilenetv3small_8fold_processed_roi_cnn_only\predictions\processed_roi8_cnn_only_fold2_seed2026_predictions.csv,4.735298156738281,3.8798255920410156,1.1092157000011866,0.06725797551238867,e:\Thesis Code\training_outputs\mobilenetv3small_8fold_processed_roi_cnn_only,"{'loss': [0.8752585649490356, 0.5126221776008606, 0.3861716687679291, 0.3485294580459595, 0.3161551058292389, 0.2708580195903778, 0.26754194498062134, 0.24851590394973755], 'accuracy': [0.5857017636299133, 0.7779080271720886, 0.844711422920227, 0.8587753176689148, 0.8757691383361816, 0.8860240578651428, 0.8895400166511536, 0.8948139548301697], 'val_loss': [0.45626911520957947, 0.2861376106739044, 0.23689743876457214, 0.2049557864665985, 0.1824372559785843, 0.1494455337524414, 0.15286217629909515, 0.13035067915916443], 'val_accuracy': [0.8687707185745239, 0.9019933342933655, 0.9235880374908447, 0.9302325248718262, 0.9435215592384338, 0.9501661062240601, 0.9435215592384338, 0.9568105936050415], 'val_f1_macro': [0.871741745758006, 0.9033837769837029, 0.9255548064848713, 0.9312749394138532, 0.9445829393356737, 0.9506288546460713, 0.9447446202456701, 0.9574077307815054], 'lr': [0.0005, 0.0005, 0.0005, 0.0005, 0.0005, 0.0005, 0.0005, 0.0005]}","{'loss': [0.21233871579170227, 0.20232437551021576, 0.19028240442276, 0.19963860511779785, 0.19101734459400177], 'accuracy': [0.9138587713241577, 0.9194257259368896, 0.9249926805496216, 0.9246997237205505, 0.9293876886367798], 'val_loss': [0.12681369483470917, 0.12604238092899323, 0.12499307841062546, 0.12510085105895996, 0.12492835521697998], 'val_accuracy': [0.960132896900177, 0.9584717154502869, 0.9584717154502869, 0.9584717154502869, 0.9584717154502869], 'val_f1_macro': [0.9607658309267296, 0.9591777443883913, 0.9591777443883913, 0.9591777443883913, 0.9591777443883913], 'lr': [1e-05, 1e-05, 1e-05, 5e-06, 5e-06]}",,"{""0"": 1.101323007421749, ""1"": 0.9560224089635855, ""2"": 0.9560224089635855}",0.505,0.3999680423394203,0.505,0.44489878076374056,"{""fresh"": {""precision"": 0.02247191011235955, ""recall"": 0.01, ""f1-score"": 0.01384083044982699, ""support"": 200.0}, ""not fresh"": {""precision"": 0.5789473684210527, ""recall"": 0.715, ""f1-score"": 0.639821029082774, ""support"": 200.0}, ""spoiled"": {""precision"": 0.5984848484848485, ""recall"": 0.79, ""f1-score"": 0.6810344827586207, ""support"": 200.0}, ""accuracy"": 0.505, ""macro avg"": {""precision"": 0.3999680423394203, ""recall"": 0.505, ""f1-score"": 0.44489878076374056, ""support"": 600.0}, ""weighted avg"": {""precision"": 0.39996804233942024, ""recall"": 0.505, ""f1-score"": 0.44489878076374056, ""support"": 600.0}}","[[2, 93, 105], [56, 143, 1], [31, 11, 158]]","[[0.01, 0.465, 0.525], [0.28, 0.715, 0.005], [0.155, 0.055, 0.79]]","{""fresh"": 89, ""not fresh"": 247, ""spoiled"": 264}",0.02247191011235955,0.01,0.01384083044982699,200,0.5789473684210527,0.715,0.639821029082774,200,0.5984848484848485,0.79,0.6810344827586207,200,0.63,0.7733333333333333,0.22666666666666666,0.7216666666666667,0.8266666666666667,0.33,0.9231426318033953,0.095
2026-05-19T12:03:52.346219,meatlens_mobilenetv3small_8fold_processed_roi_cnn_only,MobileNetV3Small,cross_rotation_interval200_8samples_processed_roi,fold3,42,cnn_only,preprocessed_hsv_lab_threshold_roi_224,processed_roi8_cnn_only_fold3_seed42,e:\Thesis Code\training_outputs\mobilenetv3small_8fold_processed_roi_cnn_only\models\processed_roi8_cnn_only_fold3_seed42.h5,e:\Thesis Code\training_outputs\mobilenetv3small_8fold_processed_roi_cnn_only\models\processed_roi8_cnn_only_fold3_seed42.tflite,pork_belly_sample_3,belly,researcher_home,old_phone,518,3482,615,e:\Thesis Code\training_outputs\mobilenetv3small_8fold_processed_roi_cnn_only\predictions\processed_roi8_cnn_only_fold3_seed42_predictions.csv,4.735298156738281,3.8798255920410156,1.1988355791498138,0.07982807908627007,e:\Thesis Code\training_outputs\mobilenetv3small_8fold_processed_roi_cnn_only,"{'loss': [0.8803615570068359, 0.49154365062713623, 0.36827322840690613, 0.313402384519577, 0.2749267816543579, 0.26274004578590393, 0.24513185024261475, 0.20555198192596436], 'accuracy': [0.6122918128967285, 0.8032739758491516, 0.859276294708252, 0.8753589987754822, 0.8891441822052002, 0.893164873123169, 0.903216540813446, 0.920735239982605], 'val_loss': [0.41091135144233704, 0.2682377099990845, 0.20233334600925446, 0.17578992247581482, 0.15309937298297882, 0.13274012506008148, 0.12032485008239746, 0.11959606409072876], 'val_accuracy': [0.8682926893234253, 0.9040650129318237, 0.9186991453170776, 0.9463414549827576, 0.9479674696922302, 0.9609755873680115, 0.9593495726585388, 0.9593495726585388], 'val_f1_macro': [0.8705507425693869, 0.904890389050717, 0.9196977138856969, 0.9464576805346759, 0.948390868374362, 0.9612989181606492, 0.9597181814236538, 0.960110024607903], 'lr': [0.0005, 0.0005, 0.0005, 0.0005, 0.0005, 0.0005, 0.0005, 0.0005]}","{'loss': [0.17780029773712158, 0.1812175065279007, 0.17009559273719788, 0.16676783561706543, 0.1577366143465042, 0.1693200021982193], 'accuracy': [0.9313613176345825, 0.9333716630935669, 0.9353819489479065, 0.9350947737693787, 0.9428489208221436, 0.9362435340881348], 'val_loss': [0.10839252918958664, 0.10671277344226837, 0.10503202676773071, 0.10562589019536972, 0.10493451356887817, 0.104308120906353], 'val_accuracy': [0.9642276167869568, 0.9658536314964294, 0.9658536314964294, 0.9658536314964294, 0.9658536314964294, 0.9658536314964294], 'val_f1_macro': [0.9647417774008105, 0.966327212877624, 0.9661822336135076, 0.9661822336135076, 0.9661822336135076, 0.9661822336135076], 'lr': [1e-05, 1e-05, 1e-05, 1e-05, 5e-06, 5e-06]}",,"{""0"": 1.0532365396249244, ""1"": 0.9753501400560224, ""2"": 0.9753501400560224}",0.6756756756756757,0.6781914213240924,0.6319774011299435,0.6303831251062721,"{""fresh"": {""precision"": 0.711864406779661, ""recall"": 0.3559322033898305, ""f1-score"": 0.4745762711864407, ""support"": 118.0}, ""not fresh"": {""precision"": 0.5909090909090909, ""recall"": 0.585, ""f1-score"": 0.5879396984924623, ""support"": 200.0}, ""spoiled"": {""precision"": 0.7318007662835249, ""recall"": 0.955, ""f1-score"": 0.8286334056399133, ""support"": 200.0}, ""accuracy"": 0.6756756756756757, ""macro avg"": {""precision"": 0.6781914213240924, ""recall"": 0.6319774011299435, ""f1-score"": 0.6303831251062721, ""support"": 518.0}, ""weighted avg"": {""precision"": 0.6728609487230177, ""recall"": 0.6756756756756757, ""f1-score"": 0.6550475305530408, ""support"": 518.0}}","[[42, 72, 4], [17, 117, 66], [0, 9, 191]]","[[0.3559322033898305, 0.6101694915254238, 0.03389830508474576], [0.085, 0.585, 0.33], [0.0, 0.045, 0.955]]","{""fresh"": 59, ""not fresh"": 198, ""spoiled"": 261}",0.711864406779661,0.3559322033898305,0.4745762711864407,118,0.5909090909090909,0.585,0.5879396984924623,200,0.7318007662835249,0.955,0.8286334056399133,200,0.9594594594594594,0.9922779922779923,0.007722007722007722,0.33204633204633205,0.8861003861003861,0.25675675675675674,0.9567738974439925,0.08687258687258688
2026-05-19T12:06:39.045487,meatlens_mobilenetv3small_8fold_processed_roi_cnn_only,MobileNetV3Small,cross_rotation_interval200_8samples_processed_roi,fold3,123,cnn_only,preprocessed_hsv_lab_threshold_roi_224,processed_roi8_cnn_only_fold3_seed123,e:\Thesis Code\training_outputs\mobilenetv3small_8fold_processed_roi_cnn_only\models\processed_roi8_cnn_only_fold3_seed123.h5,e:\Thesis Code\training_outputs\mobilenetv3small_8fold_processed_roi_cnn_only\models\processed_roi8_cnn_only_fold3_seed123.tflite,pork_belly_sample_3,belly,researcher_home,old_phone,518,3482,615,e:\Thesis Code\training_outputs\mobilenetv3small_8fold_processed_roi_cnn_only\predictions\processed_roi8_cnn_only_fold3_seed123_predictions.csv,4.735298156738281,3.8798255920410156,1.113433030888321,0.033886924916539427,e:\Thesis Code\training_outputs\mobilenetv3small_8fold_processed_roi_cnn_only,"{'loss': [0.7655760645866394, 0.46152570843696594, 0.365510493516922, 0.3068256378173828, 0.2670651972293854, 0.23915483057498932, 0.23025333881378174, 0.2222931683063507], 'accuracy': [0.6545088887214661, 0.8245261311531067, 0.8515221476554871, 0.8799540400505066, 0.8966111540794373, 0.9052268862724304, 0.9126938581466675, 0.9138426184654236], 'val_loss': [0.36995410919189453, 0.2597290575504303, 0.18684275448322296, 0.1672147959470749, 0.15212957561016083, 0.12717750668525696, 0.11838806420564651, 0.12258163839578629], 'val_accuracy': [0.8845528364181519, 0.921951174736023, 0.9430894255638123, 0.9317073225975037, 0.9430894255638123, 0.9593495726585388, 0.9593495726585388, 0.9609755873680115], 'val_f1_macro': [0.8853867889400885, 0.9227628120753933, 0.9440467853973321, 0.9316080897189245, 0.9434364463652747, 0.9596789319919345, 0.9598297314033354, 0.9614069235787525], 'lr': [0.0005, 0.0005, 0.0005, 0.0005, 0.0005, 0.00025, 0.00025, 0.00025]}","{'loss': [0.1919245719909668, 0.18556755781173706, 0.17698858678340912, 0.1726992428302765, 0.17041674256324768, 0.1832234263420105, 0.18330329656600952], 'accuracy': [0.9253302812576294, 0.9310740828514099, 0.934520423412323, 0.9365307688713074, 0.9376795291900635, 0.9333716630935669, 0.9319356679916382], 'val_loss': [0.11458073556423187, 0.11358948796987534, 0.11274557560682297, 0.1120016947388649, 0.11146512627601624, 0.11079071462154388, 0.11050897091627121], 'val_accuracy': [0.9642276167869568, 0.9642276167869568, 0.9658536314964294, 0.9658536314964294, 0.9658536314964294, 0.9658536314964294, 0.9658536314964294], 'val_f1_macro': [0.9645663265148037, 0.9645663265148037, 0.9661564221135736, 0.9661564221135736, 0.9661564221135736, 0.9661564221135736, 0.9661564221135736], 'lr': [1e-05, 1e-05, 1e-05, 1e-05, 1e-05, 5e-06, 5e-06]}",,"{""0"": 1.0532365396249244, ""1"": 0.9753501400560224, ""2"": 0.9753501400560224}",0.5308880308880309,0.6002710027100271,0.5000282485875706,0.4726667812186929,"{""fresh"": {""precision"": 0.8780487804878049, ""recall"": 0.3050847457627119, ""f1-score"": 0.4528301886792453, ""support"": 118.0}, ""not fresh"": {""precision"": 0.3888888888888889, ""recall"": 0.21, ""f1-score"": 0.2727272727272727, ""support"": 200.0}, ""spoiled"": {""precision"": 0.5338753387533876, ""recall"": 0.985, ""f1-score"": 0.6924428822495606, ""support"": 200.0}, ""accuracy"": 0.5308880308880309, ""macro avg"": {""precision"": 0.6002710027100271, ""recall"": 0.5000282485875706, ""f1-score"": 0.4726667812186929, ""support"": 518.0}, ""weighted avg"": {""precision"": 0.5562984587374832, ""recall"": 0.5308880308880309, ""f1-score"": 0.47580693679443553, ""support"": 518.0}}","[[36, 63, 19], [5, 42, 153], [0, 3, 197]]","[[0.3050847457627119, 0.5338983050847458, 0.16101694915254236], [0.025, 0.21, 0.765], [0.0, 0.015, 0.985]]","{""fresh"": 41, ""not fresh"": 108, ""spoiled"": 369}",0.8780487804878049,0.3050847457627119,0.4528301886792453,118,0.3888888888888889,0.21,0.2727272727272727,200,0.5338753387533876,0.985,0.6924428822495606,200,0.9034749034749034,0.9633204633204633,0.03667953667953668,0.5057915057915058,0.8938223938223938,0.2953667953667954,0.9619807211782755,0.14285714285714285
2026-05-19T12:09:05.027894,meatlens_mobilenetv3small_8fold_processed_roi_cnn_only,MobileNetV3Small,cross_rotation_interval200_8samples_processed_roi,fold3,2026,cnn_only,preprocessed_hsv_lab_threshold_roi_224,processed_roi8_cnn_only_fold3_seed2026,e:\Thesis Code\training_outputs\mobilenetv3small_8fold_processed_roi_cnn_only\models\processed_roi8_cnn_only_fold3_seed2026.h5,e:\Thesis Code\training_outputs\mobilenetv3small_8fold_processed_roi_cnn_only\models\processed_roi8_cnn_only_fold3_seed2026.tflite,pork_belly_sample_3,belly,researcher_home,old_phone,518,3482,615,e:\Thesis Code\training_outputs\mobilenetv3small_8fold_processed_roi_cnn_only\predictions\processed_roi8_cnn_only_fold3_seed2026_predictions.csv,4.735298156738281,3.8798255920410156,1.1428864864866022,0.09339628657735177,e:\Thesis Code\training_outputs\mobilenetv3small_8fold_processed_roi_cnn_only,"{'loss': [0.8599762320518494, 0.4725174605846405, 0.38332879543304443, 0.3135811686515808, 0.2749193608760834, 0.25606775283813477, 0.22972296178340912, 0.22300103306770325], 'accuracy': [0.6140149235725403, 0.8182079195976257, 0.8452039361000061, 0.8753589987754822, 0.8940264582633972, 0.8946008086204529, 0.9118322730064392, 0.9138426184654236], 'val_loss': [0.3933175206184387, 0.2663595378398895, 0.19591417908668518, 0.1598706692457199, 0.14463885128498077, 0.1301199495792389, 0.11822674423456192, 0.13096575438976288], 'val_accuracy': [0.8943089246749878, 0.9138211011886597, 0.9365853667259216, 0.9479674696922302, 0.9495934844017029, 0.9626016020774841, 0.9658536314964294, 0.9495934844017029], 'val_f1_macro': [0.8947621341568253, 0.9156544863544762, 0.9371608960982725, 0.9485120382245825, 0.9504067898661884, 0.9629477344476811, 0.96628155781364, 0.9501912312085703], 'lr': [0.0005, 0.0005, 0.0005, 0.0005, 0.0005, 0.0005, 0.0005, 0.0005]}","{'loss': [0.19060340523719788, 0.17809228599071503, 0.18020667135715485, 0.1672818809747696, 0.16398270428180695, 0.1614142507314682, 0.15570686757564545, 0.1573926955461502, 0.19448499381542206], 'accuracy': [0.9273406267166138, 0.9333716630935669, 0.9353819489479065, 0.9422745704650879, 0.9414129853248596, 0.9379667043685913, 0.946008026599884, 0.9462952613830566, 0.9267662167549133], 'val_loss': [0.11125656962394714, 0.10841576755046844, 0.10605333000421524, 0.10579905658960342, 0.10476938635110855, 0.10470639169216156, 0.10450004041194916, 0.10436516255140305, 0.10440285503864288], 'val_accuracy': [0.9642276167869568, 0.9658536314964294, 0.9658536314964294, 0.9658536314964294, 0.9674796462059021, 0.9658536314964294, 0.9658536314964294, 0.9658536314964294, 0.9658536314964294], 'val_f1_macro': [0.9645911821261616, 0.9662348905656186, 0.9662348905656186, 0.9662348905656186, 0.9678261231459514, 0.9662348905656186, 0.9662348905656186, 0.9662348905656186, 0.9662348905656186], 'lr': [1e-05, 1e-05, 1e-05, 1e-05, 5e-06, 5e-06, 5e-06, 2.5e-06, 2.5e-06]}",,"{""0"": 1.0532365396249244, ""1"": 0.9753501400560224, ""2"": 0.9753501400560224}",0.637065637065637,0.6088468943191644,0.6044350282485875,0.5988112921257217,"{""fresh"": {""precision"": 0.5465116279069767, ""recall"": 0.3983050847457627, ""f1-score"": 0.46078431372549017, ""support"": 118.0}, ""not fresh"": {""precision"": 0.5469613259668509, ""recall"": 0.495, ""f1-score"": 0.5196850393700787, ""support"": 200.0}, ""spoiled"": {""precision"": 0.7330677290836654, ""recall"": 0.92, ""f1-score"": 0.8159645232815964, ""support"": 200.0}, ""accuracy"": 0.637065637065637, ""macro avg"": {""precision"": 0.6088468943191644, ""recall"": 0.6044350282485875, ""f1-score"": 0.5988112921257217, ""support"": 518.0}, ""weighted avg"": {""precision"": 0.6187146391952248, ""recall"": 0.637065637065637, ""f1-score"": 0.6206611226832873, ""support"": 518.0}}","[[47, 66, 5], [39, 99, 62], [0, 16, 184]]","[[0.3983050847457627, 0.559322033898305, 0.0423728813559322], [0.195, 0.495, 0.31], [0.0, 0.08, 0.92]]","{""fresh"": 86, ""not fresh"": 181, ""spoiled"": 251}",0.5465116279069767,0.3983050847457627,0.46078431372549017,118,0.5469613259668509,0.495,0.5196850393700787,200,0.7330677290836654,0.92,0.8159645232815964,200,0.9285714285714286,0.9903474903474904,0.009652509652509652,0.37258687258687256,0.9324324324324325,0.444015444015444,0.9347375375074899,0.11969111969111969
2026-05-19T12:11:14.141505,meatlens_mobilenetv3small_8fold_processed_roi_cnn_only,MobileNetV3Small,cross_rotation_interval200_8samples_processed_roi,fold4,42,cnn_only,preprocessed_hsv_lab_threshold_roi_224,processed_roi8_cnn_only_fold4_seed42,e:\Thesis Code\training_outputs\mobilenetv3small_8fold_processed_roi_cnn_only\models\processed_roi8_cnn_only_fold4_seed42.h5,e:\Thesis Code\training_outputs\mobilenetv3small_8fold_processed_roi_cnn_only\models\processed_roi8_cnn_only_fold4_seed42.tflite,pork_belly_sample_4,belly,partner_home,old_phone,550,3455,610,e:\Thesis Code\training_outputs\mobilenetv3small_8fold_processed_roi_cnn_only\predictions\processed_roi8_cnn_only_fold4_seed42_predictions.csv,4.735298156738281,3.8798255920410156,1.1421726181824026,0.0866642378400693,e:\Thesis Code\training_outputs\mobilenetv3small_8fold_processed_roi_cnn_only,"{'loss': [0.9198678731918335, 0.5202292203903198, 0.3882817327976227, 0.3375939130783081, 0.29645439982414246, 0.27249377965927124, 0.24341395497322083, 0.24042153358459473], 'accuracy': [0.5942113399505615, 0.7875543236732483, 0.8445731401443481, 0.8694645762443542, 0.8845152258872986, 0.8911722302436829, 0.906222939491272, 0.9047757387161255], 'val_loss': [0.42511191964149475, 0.274131178855896, 0.23327916860580444, 0.1681269109249115, 0.1551235318183899, 0.1354663223028183, 0.12477898597717285, 0.11857225745916367], 'val_accuracy': [0.8704918026924133, 0.8950819969177246, 0.9065573811531067, 0.94590163230896, 0.9590163826942444, 0.9606557488441467, 0.965573787689209, 0.9672130942344666], 'val_f1_macro': [0.8725257817517881, 0.8959688641826475, 0.9086248528406111, 0.9467773409527084, 0.9592016087669121, 0.9609772781169449, 0.9656826448149357, 0.9673884707388846], 'lr': [0.0005, 0.0005, 0.0005, 0.0005, 0.0005, 0.0005, 0.0005, 0.0005]}","{'loss': [0.2085379958152771, 0.18870674073696136, 0.19031479954719543, 0.178681880235672, 0.17561207711696625], 'accuracy': [0.9198263883590698, 0.9314038157463074, 0.9235890507698059, 0.9354559183120728, 0.9412446022033691], 'val_loss': [0.11418268084526062, 0.11193270981311798, 0.11073870956897736, 0.11032363772392273, 0.10985660552978516], 'val_accuracy': [0.9688524603843689, 0.9688524603843689, 0.9672130942344666, 0.9688524603843689, 0.9688524603843689], 'val_f1_macro': [0.9690927321155037, 0.9690927321155037, 0.9675110696751702, 0.9690927321155037, 0.9690927321155037], 'lr': [1e-05, 1e-05, 1e-05, 5e-06, 5e-06]}",,"{""0"": 1.0713178294573644, ""1"": 0.9677871148459384, ""2"": 0.9677871148459384}",0.8,0.8244538231240358,0.8166666666666668,0.8008247287184669,"{""fresh"": {""precision"": 0.6696428571428571, ""recall"": 1.0, ""f1-score"": 0.8021390374331551, ""support"": 150.0}, ""not fresh"": {""precision"": 0.8108108108108109, ""recall"": 0.75, ""f1-score"": 0.7792207792207793, ""support"": 200.0}, ""spoiled"": {""precision"": 0.9929078014184397, ""recall"": 0.7, ""f1-score"": 0.8211143695014663, ""support"": 200.0}, ""accuracy"": 0.8, ""macro avg"": {""precision"": 0.8244538231240358, ""recall"": 0.8166666666666668, ""f1-score"": 0.8008247287184669, ""support"": 550.0}, ""weighted avg"": {""precision"": 0.8385275473041431, ""recall"": 0.8, ""f1-score"": 0.8007052461080407, ""support"": 550.0}}","[[150, 0, 0], [49, 150, 1], [25, 35, 140]]","[[1.0, 0.0, 0.0], [0.245, 0.75, 0.005], [0.125, 0.175, 0.7]]","{""fresh"": 224, ""not fresh"": 185, ""spoiled"": 141}",0.6696428571428571,1.0,0.8021390374331551,150,0.8108108108108109,0.75,0.7792207792207793,200,0.9929078014184397,0.7,0.8211143695014663,200,0.9490909090909091,0.9545454545454546,0.045454545454545456,0.24545454545454545,0.6290909090909091,0.11454545454545455,0.9782963877215105,0.01090909090909091
2026-05-19T12:13:35.121607,meatlens_mobilenetv3small_8fold_processed_roi_cnn_only,MobileNetV3Small,cross_rotation_interval200_8samples_processed_roi,fold4,123,cnn_only,preprocessed_hsv_lab_threshold_roi_224,processed_roi8_cnn_only_fold4_seed123,e:\Thesis Code\training_outputs\mobilenetv3small_8fold_processed_roi_cnn_only\models\processed_roi8_cnn_only_fold4_seed123.h5,e:\Thesis Code\training_outputs\mobilenetv3small_8fold_processed_roi_cnn_only\models\processed_roi8_cnn_only_fold4_seed123.tflite,pork_belly_sample_4,belly,partner_home,old_phone,550,3455,610,e:\Thesis Code\training_outputs\mobilenetv3small_8fold_processed_roi_cnn_only\predictions\processed_roi8_cnn_only_fold4_seed123_predictions.csv,4.735298156738281,3.8798255920410156,1.2462014181817889,0.09772361015254179,e:\Thesis Code\training_outputs\mobilenetv3small_8fold_processed_roi_cnn_only,"{'loss': [0.8020955920219421, 0.5011029839515686, 0.39233237504959106, 0.32549041509628296, 0.295209139585495, 0.2604500651359558, 0.2436465322971344, 0.2376156747341156], 'accuracy': [0.6356006264686584, 0.7965267896652222, 0.8376266956329346, 0.8677279949188232, 0.8810420036315918, 0.8963820934295654, 0.9044862985610962, 0.9024602174758911], 'val_loss': [0.39721599221229553, 0.2550293803215027, 0.20151212811470032, 0.1671449989080429, 0.16063639521598816, 0.14020824432373047, 0.12294255197048187, 0.12218145281076431], 'val_accuracy': [0.8803278803825378, 0.9180327653884888, 0.9393442869186401, 0.9475409984588623, 0.9245901703834534, 0.9491803050041199, 0.9639344215393066, 0.9622950553894043], 'val_f1_macro': [0.8831214123010761, 0.9190210965917259, 0.9403165793100484, 0.9471545728921624, 0.923592730029441, 0.9493821472977984, 0.9643569842335126, 0.9626697381889802], 'lr': [0.0005, 0.0005, 0.0005, 0.0005, 0.0005, 0.0005, 0.0005, 0.0005]}","{'loss': [0.19925089180469513, 0.19554725289344788, 0.18784767389297485, 0.17122146487236023, 0.17515021562576294, 0.16651248931884766, 0.16744917631149292], 'accuracy': [0.9221418499946594, 0.9264833927154541, 0.9279305934906006, 0.9374819397926331, 0.9354559183120728, 0.9412446022033691, 0.9412446022033691], 'val_loss': [0.11343271285295486, 0.1122206300497055, 0.11089901626110077, 0.10920331627130508, 0.10853973031044006, 0.10772572457790375, 0.10724162310361862], 'val_accuracy': [0.9639344215393066, 0.965573787689209, 0.9688524603843689, 0.9672130942344666, 0.9672130942344666, 0.9688524603843689, 0.9672130942344666], 'val_f1_macro': [0.9640601309327433, 0.9657031859504336, 0.9689256501178583, 0.9672800228574765, 0.9672800228574765, 0.9689256501178583, 0.9672800228574765], 'lr': [1e-05, 1e-05, 1e-05, 1e-05, 1e-05, 5e-06, 5e-06]}",,"{""0"": 1.0713178294573644, ""1"": 0.9677871148459384, ""2"": 0.9677871148459384}",0.78,0.809780604719764,0.7983333333333333,0.781017687772366,"{""fresh"": {""precision"": 0.6637168141592921, ""recall"": 1.0, ""f1-score"": 0.7978723404255319, ""support"": 150.0}, ""not fresh"": {""precision"": 0.765625, ""recall"": 0.735, ""f1-score"": 0.75, ""support"": 200.0}, ""spoiled"": {""precision"": 1.0, ""recall"": 0.66, ""f1-score"": 0.7951807228915663, ""support"": 200.0}, ""accuracy"": 0.78, ""macro avg"": {""precision"": 0.809780604719764, ""recall"": 0.7983333333333333, ""f1-score"": 0.781017687772366, ""support"": 550.0}, ""weighted avg"": {""precision"": 0.8230591311343524, ""recall"": 0.78, ""f1-score"": 0.7794854466220783, ""support"": 550.0}}","[[150, 0, 0], [53, 147, 0], [23, 45, 132]]","[[1.0, 0.0, 0.0], [0.265, 0.735, 0.0], [0.115, 0.225, 0.66]]","{""fresh"": 226, ""not fresh"": 192, ""spoiled"": 132}",0.6637168141592921,1.0,0.7978723404255319,150,0.765625,0.735,0.75,200,1.0,0.66,0.7951807228915663,200,0.9472727272727273,0.9581818181818181,0.04181818181818182,0.26181818181818184,0.6509090909090909,0.09818181818181818,0.9542899122130137,0.0890909090909091
2026-05-19T12:15:54.880804,meatlens_mobilenetv3small_8fold_processed_roi_cnn_only,MobileNetV3Small,cross_rotation_interval200_8samples_processed_roi,fold4,2026,cnn_only,preprocessed_hsv_lab_threshold_roi_224,processed_roi8_cnn_only_fold4_seed2026,e:\Thesis Code\training_outputs\mobilenetv3small_8fold_processed_roi_cnn_only\models\processed_roi8_cnn_only_fold4_seed2026.h5,e:\Thesis Code\training_outputs\mobilenetv3small_8fold_processed_roi_cnn_only\models\processed_roi8_cnn_only_fold4_seed2026.tflite,pork_belly_sample_4,belly,partner_home,old_phone,550,3455,610,e:\Thesis Code\training_outputs\mobilenetv3small_8fold_processed_roi_cnn_only\predictions\processed_roi8_cnn_only_fold4_seed2026_predictions.csv,4.735298156738281,3.8798255920410156,1.1831564727277013,0.0786364796634415,e:\Thesis Code\training_outputs\mobilenetv3small_8fold_processed_roi_cnn_only,"{'loss': [0.8930456042289734, 0.5067395567893982, 0.39518752694129944, 0.3331480324268341, 0.3015380799770355, 0.28421956300735474, 0.2472480982542038, 0.23580899834632874], 'accuracy': [0.5866860151290894, 0.7884226441383362, 0.8390738368034363, 0.8654124736785889, 0.877568781375885, 0.8850941061973572, 0.9068017601966858, 0.9021708369255066], 'val_loss': [0.43071529269218445, 0.29566964507102966, 0.20973719656467438, 0.1909848302602768, 0.1562190055847168, 0.1392798125743866, 0.12015539407730103, 0.12080895900726318], 'val_accuracy': [0.8524590134620667, 0.8803278803825378, 0.9327868819236755, 0.9213114976882935, 0.9524590373039246, 0.9540983438491821, 0.9688524603843689, 0.9622950553894043], 'val_f1_macro': [0.85602470437136, 0.8786198900721401, 0.9341582619996046, 0.922403642970206, 0.9528453496641185, 0.9547587751638765, 0.969029658172242, 0.9626636552853536], 'lr': [0.0005, 0.0005, 0.0005, 0.0005, 0.0005, 0.0005, 0.0005, 0.0005]}","{'loss': [0.2014530599117279, 0.19099369645118713, 0.1829887479543686, 0.18282920122146606, 0.17614543437957764, 0.18069420754909515], 'accuracy': [0.9250362515449524, 0.9282200336456299, 0.9348770380020142, 0.9360347986221313, 0.9369030594825745, 0.9325615763664246], 'val_loss': [0.1145683154463768, 0.11197352409362793, 0.11086859554052353, 0.10949715971946716, 0.10884130746126175, 0.10839222371578217], 'val_accuracy': [0.9721311330795288, 0.9737704992294312, 0.9737704992294312, 0.9721311330795288, 0.9721311330795288, 0.9721311330795288], 'val_f1_macro': [0.9721702271347413, 0.9738188461796001, 0.9738188461796001, 0.9722349530728568, 0.9722349530728568, 0.9722349530728568], 'lr': [1e-05, 1e-05, 1e-05, 1e-05, 5e-06, 5e-06]}",,"{""0"": 1.0713178294573644, ""1"": 0.9677871148459384, ""2"": 0.9677871148459384}",0.7854545454545454,0.8125214422211086,0.8027777777777777,0.786025090903354,"{""fresh"": {""precision"": 0.6866359447004609, ""recall"": 0.9933333333333333, ""f1-score"": 0.8119891008174387, ""support"": 150.0}, ""not fresh"": {""precision"": 0.7586206896551724, ""recall"": 0.77, ""f1-score"": 0.7642679900744417, ""support"": 200.0}, ""spoiled"": {""precision"": 0.9923076923076923, ""recall"": 0.645, ""f1-score"": 0.7818181818181819, ""support"": 200.0}, ""accuracy"": 0.7854545454545454, ""macro avg"": {""precision"": 0.8125214422211086, ""recall"": 0.8027777777777777, ""f1-score"": 0.786025090903354, ""support"": 550.0}, ""weighted avg"": {""precision"": 0.8239655783593492, ""recall"": 0.7854545454545454, ""f1-score"": 0.78366472636571, ""support"": 550.0}}","[[149, 1, 0], [45, 154, 1], [23, 48, 129]]","[[0.9933333333333333, 0.006666666666666667, 0.0], [0.225, 0.77, 0.005], [0.115, 0.24, 0.645]]","{""fresh"": 217, ""not fresh"": 203, ""spoiled"": 130}",0.6866359447004609,0.9933333333333333,0.8119891008174387,150,0.7586206896551724,0.77,0.7642679900744417,200,0.9923076923076923,0.645,0.7818181818181819,200,0.9472727272727273,0.9581818181818181,0.04181818181818182,0.25636363636363635,0.6181818181818182,0.08,0.9752669264288509,0.0
2026-05-19T12:18:36.583894,meatlens_mobilenetv3small_8fold_processed_roi_cnn_only,MobileNetV3Small,cross_rotation_interval200_8samples_processed_roi,fold5,42,cnn_only,preprocessed_hsv_lab_threshold_roi_224,processed_roi8_cnn_only_fold5_seed42,e:\Thesis Code\training_outputs\mobilenetv3small_8fold_processed_roi_cnn_only\models\processed_roi8_cnn_only_fold5_seed42.h5,e:\Thesis Code\training_outputs\mobilenetv3small_8fold_processed_roi_cnn_only\models\processed_roi8_cnn_only_fold5_seed42.tflite,pork_ham_sample_5,ham,researcher_home,new_phone,600,3413,602,e:\Thesis Code\training_outputs\mobilenetv3small_8fold_processed_roi_cnn_only\predictions\processed_roi8_cnn_only_fold5_seed42_predictions.csv,4.735298156738281,3.8798255920410156,1.2308609166666429,0.08888584275639815,e:\Thesis Code\training_outputs\mobilenetv3small_8fold_processed_roi_cnn_only,"{'loss': [0.8760433793067932, 0.48915785551071167, 0.3658566176891327, 0.3291240930557251, 0.2850479185581207, 0.2594577968120575, 0.23742277920246124, 0.22766102850437164], 'accuracy': [0.6135364770889282, 0.8033987879753113, 0.8496924042701721, 0.8681511878967285, 0.8833870887756348, 0.8974509239196777, 0.8992089033126831, 0.9091708660125732], 'val_loss': [0.38729310035705566, 0.2550888657569885, 0.20294487476348877, 0.166545569896698, 0.15737536549568176, 0.13509906828403473, 0.13068071007728577, 0.11703024804592133], 'val_accuracy': [0.8687707185745239, 0.9069766998291016, 0.9252491593360901, 0.9501661062240601, 0.9468438029289246, 0.9551494717597961, 0.960132896900177, 0.9617940187454224], 'val_f1_macro': [0.8706612502414833, 0.9091244274072251, 0.9248499415399553, 0.9512659191754547, 0.9479879397747045, 0.9556612828142862, 0.9607658309267296, 0.9624948207577807], 'lr': [0.0005, 0.0005, 0.0005, 0.0005, 0.0005, 0.0005, 0.0005, 0.0005]}","{'loss': [0.19573844969272614, 0.1958594024181366, 0.18392328917980194, 0.1866631954908371, 0.17761242389678955, 0.17231369018554688, 0.16239461302757263, 0.16107092797756195, 0.203641876578331, 0.2075587511062622, 0.20306910574436188], 'accuracy': [0.9220627546310425, 0.9258716702461243, 0.9311456680297852, 0.9276296496391296, 0.9288016557693481, 0.9343686103820801, 0.9387635588645935, 0.9396425485610962, 0.9188397526741028, 0.9179607629776001, 0.9144448041915894], 'val_loss': [0.11337638646364212, 0.11149415373802185, 0.11025261878967285, 0.10910648852586746, 0.10827432572841644, 0.10798446089029312, 0.10749612748622894, 0.10742372274398804, 0.10704520344734192, 0.10693681240081787, 0.10695502161979675], 'val_accuracy': [0.960132896900177, 0.960132896900177, 0.9634551405906677, 0.9634551405906677, 0.9634551405906677, 0.9667773842811584, 0.9684385061264038, 0.9684385061264038, 0.9667773842811584, 0.9667773842811584, 0.9684385061264038], 'val_f1_macro': [0.9607595900528424, 0.9606649466342545, 0.963920912382287, 0.963920912382287, 0.963920912382287, 0.9671627585954116, 0.9687834761467723, 0.9687834761467723, 0.9671115569128478, 0.9671115569128478, 0.9687834761467723], 'lr': [1e-05, 1e-05, 1e-05, 1e-05, 1e-05, 5e-06, 5e-06, 5e-06, 5e-06, 2.5e-06, 2.5e-06]}",,"{""0"": 1.101323007421749, ""1"": 0.9560224089635855, ""2"": 0.9560224089635855}",0.6883333333333334,0.7464073726960324,0.6883333333333334,0.6789314841078721,"{""fresh"": {""precision"": 0.5941558441558441, ""recall"": 0.915, ""f1-score"": 0.7204724409448819, ""support"": 200.0}, ""not fresh"": {""precision"": 0.9285714285714286, ""recall"": 0.455, ""f1-score"": 0.610738255033557, ""support"": 200.0}, ""spoiled"": {""precision"": 0.7164948453608248, ""recall"": 0.695, ""f1-score"": 0.7055837563451777, ""support"": 200.0}, ""accuracy"": 0.6883333333333334, ""macro avg"": {""precision"": 0.7464073726960324, ""recall"": 0.6883333333333334, ""f1-score"": 0.6789314841078721, ""support"": 600.0}, ""weighted avg"": {""precision"": 0.7464073726960325, ""recall"": 0.6883333333333334, ""f1-score"": 0.6789314841078723, ""support"": 600.0}}","[[183, 7, 10], [64, 91, 45], [61, 0, 139]]","[[0.915, 0.035, 0.05], [0.32, 0.455, 0.225], [0.305, 0.0, 0.695]]","{""fresh"": 308, ""not fresh"": 98, ""spoiled"": 194}",0.5941558441558441,0.915,0.7204724409448819,200,0.9285714285714286,0.455,0.610738255033557,200,0.7164948453608248,0.695,0.7055837563451777,200,0.9133333333333333,0.8816666666666667,0.11833333333333333,0.43,0.715,0.26,0.9107747164744775,0.37166666666666665
2026-05-19T12:21:29.742097,meatlens_mobilenetv3small_8fold_processed_roi_cnn_only,MobileNetV3Small,cross_rotation_interval200_8samples_processed_roi,fold5,123,cnn_only,preprocessed_hsv_lab_threshold_roi_224,processed_roi8_cnn_only_fold5_seed123,e:\Thesis Code\training_outputs\mobilenetv3small_8fold_processed_roi_cnn_only\models\processed_roi8_cnn_only_fold5_seed123.h5,e:\Thesis Code\training_outputs\mobilenetv3small_8fold_processed_roi_cnn_only\models\processed_roi8_cnn_only_fold5_seed123.tflite,pork_ham_sample_5,ham,researcher_home,new_phone,600,3413,602,e:\Thesis Code\training_outputs\mobilenetv3small_8fold_processed_roi_cnn_only\predictions\processed_roi8_cnn_only_fold5_seed123_predictions.csv,4.735298156738281,3.8798255920410156,1.1557083333330715,0.07646347857975548,e:\Thesis Code\training_outputs\mobilenetv3small_8fold_processed_roi_cnn_only,"{'loss': [0.8090803623199463, 0.4738515615463257, 0.3577636778354645, 0.31034934520721436, 0.2824460566043854, 0.2629139721393585, 0.25464457273483276, 0.21439233422279358], 'accuracy': [0.6343393325805664, 0.8095517158508301, 0.858482301235199, 0.8804571032524109, 0.8927629590034485, 0.902138888835907, 0.904775857925415, 0.9138587713241577], 'val_loss': [0.3831430673599243, 0.27361777424812317, 0.2029532492160797, 0.16501815617084503, 0.1518697291612625, 0.1382988840341568, 0.12684842944145203, 0.11140865832567215], 'val_accuracy': [0.8754152655601501, 0.9036544561386108, 0.9302325248718262, 0.9401993155479431, 0.9534883499145508, 0.9551494717597961, 0.9568105936050415, 0.9568105936050415], 'val_f1_macro': [0.8774084544561916, 0.9057306452843977, 0.9319317474113719, 0.9417204301075269, 0.9542179578100135, 0.9560481128477537, 0.9571290236876696, 0.9574595220696066], 'lr': [0.0005, 0.0005, 0.0005, 0.0005, 0.0005, 0.0005, 0.0005, 0.0005]}","{'loss': [0.1927490085363388, 0.1860750913619995, 0.1769394427537918, 0.17336861789226532, 0.17291498184204102, 0.1747497320175171, 0.17459742724895477, 0.14879167079925537, 0.1966002732515335, 0.1987818479537964, 0.1930229812860489, 0.1840345561504364, 0.19214676320552826, 0.19346316158771515], 'accuracy': [0.9238207340240479, 0.9305596351623535, 0.9305596351623535, 0.9361265897750854, 0.9337826371192932, 0.9355406165122986, 0.9396425485610962, 0.9478464722633362, 0.9197187423706055, 0.9241136908531189, 0.9244067072868347, 0.9296806454658508, 0.9249926805496216, 0.9285086393356323], 'val_loss': [0.10936944931745529, 0.10816943645477295, 0.10711733996868134, 0.10662469267845154, 0.1058054268360138, 0.10506073385477066, 0.10436847805976868, 0.10383334755897522, 0.10376498103141785, 0.10323919355869293, 0.10260261595249176, 0.1022622138261795, 0.10212874412536621, 0.10176213830709457], 'val_accuracy': [0.960132896900177, 0.9617940187454224, 0.9617940187454224, 0.9634551405906677, 0.9617940187454224, 0.9651162624359131, 0.9634551405906677, 0.9667773842811584, 0.9667773842811584, 0.9684385061264038, 0.9684385061264038, 0.9684385061264038, 0.9684385061264038, 0.9684385061264038], 'val_f1_macro': [0.960628528835512, 0.9622495601864064, 0.9623762761297631, 0.9639927893846935, 0.9622495601864064, 0.965577930381852, 0.9639927893846935, 0.9672255210152522, 0.9672255210152522, 0.9688112461021764, 0.9688112461021764, 0.9688112461021764, 0.9688112461021764, 0.9688112461021764], 'lr': [1e-05, 1e-05, 1e-05, 1e-05, 1e-05, 1e-05, 1e-05, 1e-05, 1e-05, 1e-05, 1e-05, 1e-05, 5e-06, 5e-06]}",,"{""0"": 1.101323007421749, ""1"": 0.9560224089635855, ""2"": 0.9560224089635855}",0.7166666666666667,0.7404666752109864,0.7166666666666668,0.7095325710384035,"{""fresh"": {""precision"": 0.664179104477612, ""recall"": 0.89, ""f1-score"": 0.7606837606837606, ""support"": 200.0}, ""not fresh"": {""precision"": 0.8524590163934426, ""recall"": 0.52, ""f1-score"": 0.6459627329192547, ""support"": 200.0}, ""spoiled"": {""precision"": 0.7047619047619048, ""recall"": 0.74, ""f1-score"": 0.7219512195121951, ""support"": 200.0}, ""accuracy"": 0.7166666666666667, ""macro avg"": {""precision"": 0.7404666752109864, ""recall"": 0.7166666666666668, ""f1-score"": 0.7095325710384035, ""support"": 600.0}, ""weighted avg"": {""precision"": 0.7404666752109864, ""recall"": 0.7166666666666667, ""f1-score"": 0.7095325710384035, ""support"": 600.0}}","[[178, 18, 4], [38, 104, 58], [52, 0, 148]]","[[0.89, 0.09, 0.02], [0.19, 0.52, 0.29], [0.26, 0.0, 0.74]]","{""fresh"": 268, ""not fresh"": 122, ""spoiled"": 210}",0.664179104477612,0.89,0.7606837606837606,200,0.8524590163934426,0.52,0.6459627329192547,200,0.7047619047619048,0.74,0.7219512195121951,200,0.9216666666666666,0.9066666666666666,0.09333333333333334,0.37666666666666665,0.7116666666666667,0.22,0.9243996595227442,0.35333333333333333
2026-05-19T12:24:04.055550,meatlens_mobilenetv3small_8fold_processed_roi_cnn_only,MobileNetV3Small,cross_rotation_interval200_8samples_processed_roi,fold5,2026,cnn_only,preprocessed_hsv_lab_threshold_roi_224,processed_roi8_cnn_only_fold5_seed2026,e:\Thesis Code\training_outputs\mobilenetv3small_8fold_processed_roi_cnn_only\models\processed_roi8_cnn_only_fold5_seed2026.h5,e:\Thesis Code\training_outputs\mobilenetv3small_8fold_processed_roi_cnn_only\models\processed_roi8_cnn_only_fold5_seed2026.tflite,pork_ham_sample_5,ham,researcher_home,new_phone,600,3413,602,e:\Thesis Code\training_outputs\mobilenetv3small_8fold_processed_roi_cnn_only\predictions\processed_roi8_cnn_only_fold5_seed2026_predictions.csv,4.735298156738281,3.8798255920410156,1.130349383334154,0.05801526396702403,e:\Thesis Code\training_outputs\mobilenetv3small_8fold_processed_roi_cnn_only,"{'loss': [0.8818036913871765, 0.4860951900482178, 0.3682323098182678, 0.32786473631858826, 0.28885915875434875, 0.24552196264266968, 0.2505481541156769, 0.22780576348304749], 'accuracy': [0.6073835492134094, 0.7975388169288635, 0.852915346622467, 0.8690301775932312, 0.8786991238594055, 0.9050688743591309, 0.9012598991394043, 0.9106358289718628], 'val_loss': [0.4252099394798279, 0.2646866738796234, 0.20870733261108398, 0.16619189083576202, 0.16600815951824188, 0.1304466873407364, 0.12609808146953583, 0.1317332237958908], 'val_accuracy': [0.8720930218696594, 0.9169434905052185, 0.9318936467170715, 0.9518272280693054, 0.9485049843788147, 0.9534883499145508, 0.9634551405906677, 0.9418604373931885], 'val_f1_macro': [0.87532833717738, 0.918098970458896, 0.9338588588588589, 0.9524574646862769, 0.9493680095441301, 0.9538930234582409, 0.9640875617665546, 0.9418947599359315], 'lr': [0.0005, 0.0005, 0.0005, 0.0005, 0.0005, 0.0005, 0.0005, 0.0005]}","{'loss': [0.20008477568626404, 0.18644751608371735, 0.1787191480398178, 0.18007779121398926, 0.1816701740026474, 0.16477252542972565, 0.1749671995639801, 0.16027309000492096, 0.2023714929819107, 0.20727866888046265], 'accuracy': [0.9191327691078186, 0.9244067072868347, 0.9305596351623535, 0.9326106309890747, 0.9279226660728455, 0.9402285814285278, 0.9308526515960693, 0.9411075711250305, 0.920890748500824, 0.9188397526741028], 'val_loss': [0.1176256537437439, 0.11518925428390503, 0.11423137038946152, 0.11328714340925217, 0.11205490678548813, 0.11119720339775085, 0.10958459228277206, 0.10944706946611404, 0.1086728498339653, 0.108202263712883], 'val_accuracy': [0.9568105936050415, 0.9617940187454224, 0.9634551405906677, 0.9651162624359131, 0.9651162624359131, 0.9667773842811584, 0.9651162624359131, 0.9651162624359131, 0.9651162624359131, 0.9651162624359131], 'val_f1_macro': [0.957196029776675, 0.9621574318781035, 0.9638179042077426, 0.9654910180492862, 0.9654910180492862, 0.9671115569128478, 0.9654910180492862, 0.9654910180492862, 0.9654910180492862, 0.9654910180492862], 'lr': [1e-05, 1e-05, 1e-05, 1e-05, 1e-05, 1e-05, 1e-05, 1e-05, 5e-06, 5e-06]}",,"{""0"": 1.101323007421749, ""1"": 0.9560224089635855, ""2"": 0.9560224089635855}",0.5666666666666667,0.6678028406139006,0.5666666666666667,0.546298942315649,"{""fresh"": {""precision"": 0.46898263027295284, ""recall"": 0.945, ""f1-score"": 0.6268656716417911, ""support"": 200.0}, ""not fresh"": {""precision"": 0.9081632653061225, ""recall"": 0.445, ""f1-score"": 0.5973154362416108, ""support"": 200.0}, ""spoiled"": {""precision"": 0.6262626262626263, ""recall"": 0.31, ""f1-score"": 0.41471571906354515, ""support"": 200.0}, ""accuracy"": 0.5666666666666667, ""macro avg"": {""precision"": 0.6678028406139006, ""recall"": 0.5666666666666667, ""f1-score"": 0.546298942315649, ""support"": 600.0}, ""weighted avg"": {""precision"": 0.6678028406139005, ""recall"": 0.5666666666666667, ""f1-score"": 0.546298942315649, ""support"": 600.0}}","[[189, 8, 3], [77, 89, 34], [137, 1, 62]]","[[0.945, 0.04, 0.015], [0.385, 0.445, 0.17], [0.685, 0.005, 0.31]]","{""fresh"": 403, ""not fresh"": 98, ""spoiled"": 99}",0.46898263027295284,0.945,0.6268656716417911,200,0.9081632653061225,0.445,0.5973154362416108,200,0.6262626262626263,0.31,0.41471571906354515,200,0.9133333333333333,0.7666666666666667,0.23333333333333334,0.6666666666666666,0.6966666666666667,0.2,0.9301987793538478,0.31166666666666665
2026-05-19T12:26:20.090306,meatlens_mobilenetv3small_8fold_processed_roi_cnn_only,MobileNetV3Small,cross_rotation_interval200_8samples_processed_roi,fold6,42,cnn_only,preprocessed_hsv_lab_threshold_roi_224,processed_roi8_cnn_only_fold6_seed42,e:\Thesis Code\training_outputs\mobilenetv3small_8fold_processed_roi_cnn_only\models\processed_roi8_cnn_only_fold6_seed42.h5,e:\Thesis Code\training_outputs\mobilenetv3small_8fold_processed_roi_cnn_only\models\processed_roi8_cnn_only_fold6_seed42.tflite,pork_ham_sample_6,ham,partner_home,new_phone,600,3413,602,e:\Thesis Code\training_outputs\mobilenetv3small_8fold_processed_roi_cnn_only\predictions\processed_roi8_cnn_only_fold6_seed42_predictions.csv,4.735298156738281,3.8798255920410156,1.1449230000001385,0.08086414277409762,e:\Thesis Code\training_outputs\mobilenetv3small_8fold_processed_roi_cnn_only,"{'loss': [0.8502355217933655, 0.45811426639556885, 0.34935569763183594, 0.2941111922264099, 0.273414671421051, 0.23990820348262787, 0.2139829695224762, 0.21393169462680817], 'accuracy': [0.617052435874939, 0.8198066353797913, 0.8617052435874939, 0.8860240578651428, 0.8927629590034485, 0.9115148186683655, 0.9132727980613708, 0.9194257259368896], 'val_loss': [0.33967897295951843, 0.23253671824932098, 0.19415564835071564, 0.1489437073469162, 0.15007829666137695, 0.11829164624214172, 0.10749629139900208, 0.1038767397403717], 'val_accuracy': [0.9003322124481201, 0.9252491593360901, 0.9252491593360901, 0.9634551405906677, 0.9451826810836792, 0.9568105936050415, 0.9651162624359131, 0.9651162624359131], 'val_f1_macro': [0.901074428616353, 0.9273400122551436, 0.9252679007174748, 0.9641150814873778, 0.9467132661173073, 0.9573285576474522, 0.9657895962243789, 0.9655836311873323], 'lr': [0.0005, 0.0005, 0.0005, 0.0005, 0.0005, 0.0005, 0.00025, 0.00025]}","{'loss': [0.18496723473072052, 0.1791064441204071, 0.1656712144613266, 0.15954525768756866, 0.16298454999923706], 'accuracy': [0.9305596351623535, 0.9320246577262878, 0.9390565752983093, 0.9434515237808228, 0.9411075711250305], 'val_loss': [0.1032799631357193, 0.10342903435230255, 0.1032390370965004, 0.10309379547834396, 0.10243196785449982], 'val_accuracy': [0.9651162624359131, 0.9634551405906677, 0.9617940187454224, 0.9617940187454224, 0.960132896900177], 'val_f1_macro': [0.9656725545076087, 0.9640889516658836, 0.962504647954606, 0.962504647954606, 0.9608051493323811], 'lr': [1e-05, 1e-05, 1e-05, 5e-06, 5e-06]}",,"{""0"": 1.101323007421749, ""1"": 0.9560224089635855, ""2"": 0.9560224089635855}",0.3333333333333333,0.11337868480725623,0.3333333333333333,0.1692047377326565,"{""fresh"": {""precision"": 0.0, ""recall"": 0.0, ""f1-score"": 0.0, ""support"": 200.0}, ""not fresh"": {""precision"": 0.3401360544217687, ""recall"": 1.0, ""f1-score"": 0.5076142131979695, ""support"": 200.0}, ""spoiled"": {""precision"": 0.0, ""recall"": 0.0, ""f1-score"": 0.0, ""support"": 200.0}, ""accuracy"": 0.3333333333333333, ""macro avg"": {""precision"": 0.11337868480725623, ""recall"": 0.3333333333333333, ""f1-score"": 0.1692047377326565, ""support"": 600.0}, ""weighted avg"": {""precision"": 0.11337868480725623, ""recall"": 0.3333333333333333, ""f1-score"": 0.1692047377326565, ""support"": 600.0}}","[[0, 188, 12], [0, 200, 0], [0, 200, 0]]","[[0.0, 0.94, 0.06], [0.0, 1.0, 0.0], [0.0, 1.0, 0.0]]","{""fresh"": 0, ""not fresh"": 588, ""spoiled"": 12}",0.0,0.0,0.0,200,0.3401360544217687,1.0,0.5076142131979695,200,0.0,0.0,0.0,200,0.8366666666666667,0.98,0.02,0.6866666666666666,0.44166666666666665,0.06666666666666667,0.9777420430813195,0.0
2026-05-19T12:28:37.295579,meatlens_mobilenetv3small_8fold_processed_roi_cnn_only,MobileNetV3Small,cross_rotation_interval200_8samples_processed_roi,fold6,123,cnn_only,preprocessed_hsv_lab_threshold_roi_224,processed_roi8_cnn_only_fold6_seed123,e:\Thesis Code\training_outputs\mobilenetv3small_8fold_processed_roi_cnn_only\models\processed_roi8_cnn_only_fold6_seed123.h5,e:\Thesis Code\training_outputs\mobilenetv3small_8fold_processed_roi_cnn_only\models\processed_roi8_cnn_only_fold6_seed123.tflite,pork_ham_sample_6,ham,partner_home,new_phone,600,3413,602,e:\Thesis Code\training_outputs\mobilenetv3small_8fold_processed_roi_cnn_only\predictions\processed_roi8_cnn_only_fold6_seed123_predictions.csv,4.735298156738281,3.8798255920410156,1.1386178666668154,0.07320861338267684,e:\Thesis Code\training_outputs\mobilenetv3small_8fold_processed_roi_cnn_only,"{'loss': [0.7876469492912292, 0.446571409702301, 0.35090315341949463, 0.2996690273284912, 0.25933772325515747, 0.24544377624988556, 0.22477580606937408, 0.20547349750995636], 'accuracy': [0.6448872089385986, 0.8159976601600647, 0.8637562394142151, 0.8839730620384216, 0.9030178785324097, 0.9079988598823547, 0.9112218022346497, 0.920890748500824], 'val_loss': [0.37229010462760925, 0.22111082077026367, 0.1759684979915619, 0.14398637413978577, 0.13621088862419128, 0.12384524941444397, 0.11057282239198685, 0.10821288079023361], 'val_accuracy': [0.9169434905052185, 0.935215950012207, 0.9468438029289246, 0.9617940187454224, 0.9617940187454224, 0.9534883499145508, 0.9651162624359131, 0.9651162624359131], 'val_f1_macro': [0.9171246818052706, 0.9369457401232409, 0.9479238540822119, 0.9624485891917742, 0.9623000413390387, 0.9542609749954831, 0.9656032034069596, 0.9656432329029173], 'lr': [0.0005, 0.0005, 0.0005, 0.0005, 0.0005, 0.0005, 0.00025, 0.00025]}","{'loss': [0.18617430329322815, 0.17368890345096588, 0.16307301819324493, 0.1670052707195282, 0.15995284914970398, 0.16001386940479279], 'accuracy': [0.9320246577262878, 0.937298595905304, 0.9428655505180359, 0.9414005279541016, 0.9414005279541016, 0.9434515237808228], 'val_loss': [0.10558196902275085, 0.10503929853439331, 0.10426454246044159, 0.1034642681479454, 0.10347049683332443, 0.10313607007265091], 'val_accuracy': [0.9634551405906677, 0.9667773842811584, 0.9651162624359131, 0.9634551405906677, 0.9634551405906677, 0.9651162624359131], 'val_f1_macro': [0.9640000190323558, 0.9671615614607093, 0.9655810045655966, 0.9639678341705964, 0.9639678341705964, 0.9656445818104386], 'lr': [1e-05, 1e-05, 1e-05, 1e-05, 5e-06, 5e-06]}",,"{""0"": 1.101323007421749, ""1"": 0.9560224089635855, ""2"": 0.9560224089635855}",0.3333333333333333,0.1111111111111111,0.3333333333333333,0.16666666666666666,"{""fresh"": {""precision"": 0.0, ""recall"": 0.0, ""f1-score"": 0.0, ""support"": 200.0}, ""not fresh"": {""precision"": 0.3333333333333333, ""recall"": 1.0, ""f1-score"": 0.5, ""support"": 200.0}, ""spoiled"": {""precision"": 0.0, ""recall"": 0.0, ""f1-score"": 0.0, ""support"": 200.0}, ""accuracy"": 0.3333333333333333, ""macro avg"": {""precision"": 0.1111111111111111, ""recall"": 0.3333333333333333, ""f1-score"": 0.16666666666666666, ""support"": 600.0}, ""weighted avg"": {""precision"": 0.11111111111111109, ""recall"": 0.3333333333333333, ""f1-score"": 0.16666666666666666, ""support"": 600.0}}","[[0, 200, 0], [0, 200, 0], [0, 200, 0]]","[[0.0, 1.0, 0.0], [0.0, 1.0, 0.0], [0.0, 1.0, 0.0]]","{""fresh"": 0, ""not fresh"": 600, ""spoiled"": 0}",0.0,0.0,0.0,200,0.3333333333333333,1.0,0.5,200,0.0,0.0,0.0,200,0.8283333333333334,1.0,0.0,0.6666666666666666,0.43,0.01,0.9792416294415792,0.0
2026-05-19T12:31:10.649959,meatlens_mobilenetv3small_8fold_processed_roi_cnn_only,MobileNetV3Small,cross_rotation_interval200_8samples_processed_roi,fold6,2026,cnn_only,preprocessed_hsv_lab_threshold_roi_224,processed_roi8_cnn_only_fold6_seed2026,e:\Thesis Code\training_outputs\mobilenetv3small_8fold_processed_roi_cnn_only\models\processed_roi8_cnn_only_fold6_seed2026.h5,e:\Thesis Code\training_outputs\mobilenetv3small_8fold_processed_roi_cnn_only\models\processed_roi8_cnn_only_fold6_seed2026.tflite,pork_ham_sample_6,ham,partner_home,new_phone,600,3413,602,e:\Thesis Code\training_outputs\mobilenetv3small_8fold_processed_roi_cnn_only\predictions\processed_roi8_cnn_only_fold6_seed2026_predictions.csv,4.735298156738281,3.8798255920410156,1.1415722666670263,0.07119083623147876,e:\Thesis Code\training_outputs\mobilenetv3small_8fold_processed_roi_cnn_only,"{'loss': [0.8765888810157776, 0.46872225403785706, 0.35413044691085815, 0.3151949942111969, 0.2691902816295624, 0.23391146957874298, 0.23669347167015076, 0.2145100086927414], 'accuracy': [0.6062115430831909, 0.8072077631950378, 0.8614122867584229, 0.8786991238594055, 0.8924700021743774, 0.9091708660125732, 0.9038968682289124, 0.9109288454055786], 'val_loss': [0.3900507092475891, 0.24954235553741455, 0.20126700401306152, 0.15386240184307098, 0.14414039254188538, 0.11468589305877686, 0.11977002024650574, 0.11233920603990555], 'val_accuracy': [0.8820597529411316, 0.9318936467170715, 0.9235880374908447, 0.9584717154502869, 0.9435215592384338, 0.9634551405906677, 0.9584717154502869, 0.9617940187454224], 'val_f1_macro': [0.885137001425905, 0.9315638202949419, 0.9257514036982949, 0.9589287195676478, 0.9449481451934583, 0.9639678341705964, 0.959543372402308, 0.9620805142616248], 'lr': [0.0005, 0.0005, 0.0005, 0.0005, 0.0005, 0.0005, 0.0005, 0.0005]}","{'loss': [0.18356041610240936, 0.1675504744052887, 0.1677897423505783, 0.1720491349697113, 0.16177959740161896, 0.1562071144580841, 0.16139544546604156, 0.14736725389957428, 0.20207326114177704, 0.19521589577198029], 'accuracy': [0.9246997237205505, 0.9331966042518616, 0.9358335733413696, 0.9381775856018066, 0.9428655505180359, 0.9425725340843201, 0.9428655505180359, 0.9478464722633362, 0.918546736240387, 0.921183705329895], 'val_loss': [0.10716215521097183, 0.10679561644792557, 0.10559341311454773, 0.10478797554969788, 0.10366545617580414, 0.10339345782995224, 0.1030520349740982, 0.1029801145195961, 0.10284709185361862, 0.10276640951633453], 'val_accuracy': [0.960132896900177, 0.960132896900177, 0.9617940187454224, 0.960132896900177, 0.9617940187454224, 0.9617940187454224, 0.9617940187454224, 0.9617940187454224, 0.960132896900177, 0.960132896900177], 'val_f1_macro': [0.9607067841780031, 0.96088082023436, 0.9624595365513207, 0.9607805724413643, 0.9623594231937989, 0.9624887763851252, 0.9624887763851252, 0.9624887763851252, 0.9607805724413643, 0.9607805724413643], 'lr': [1e-05, 1e-05, 1e-05, 1e-05, 1e-05, 5e-06, 5e-06, 2.5e-06, 2.5e-06, 1.25e-06]}",,"{""0"": 1.101323007421749, ""1"": 0.9560224089635855, ""2"": 0.9560224089635855}",0.3333333333333333,0.1111111111111111,0.3333333333333333,0.16666666666666666,"{""fresh"": {""precision"": 0.0, ""recall"": 0.0, ""f1-score"": 0.0, ""support"": 200.0}, ""not fresh"": {""precision"": 0.3333333333333333, ""recall"": 1.0, ""f1-score"": 0.5, ""support"": 200.0}, ""spoiled"": {""precision"": 0.0, ""recall"": 0.0, ""f1-score"": 0.0, ""support"": 200.0}, ""accuracy"": 0.3333333333333333, ""macro avg"": {""precision"": 0.1111111111111111, ""recall"": 0.3333333333333333, ""f1-score"": 0.16666666666666666, ""support"": 600.0}, ""weighted avg"": {""precision"": 0.11111111111111109, ""recall"": 0.3333333333333333, ""f1-score"": 0.16666666666666666, ""support"": 600.0}}","[[0, 200, 0], [0, 200, 0], [0, 200, 0]]","[[0.0, 1.0, 0.0], [0.0, 1.0, 0.0], [0.0, 1.0, 0.0]]","{""fresh"": 0, ""not fresh"": 600, ""spoiled"": 0}",0.0,0.0,0.0,200,0.3333333333333333,1.0,0.5,200,0.0,0.0,0.0,200,0.8316666666666667,1.0,0.0,0.6666666666666666,0.23833333333333334,0.0016666666666666668,0.9899360525024521,0.0
2026-05-19T12:33:37.187897,meatlens_mobilenetv3small_8fold_processed_roi_cnn_only,MobileNetV3Small,cross_rotation_interval200_8samples_processed_roi,fold7,42,cnn_only,preprocessed_hsv_lab_threshold_roi_224,processed_roi8_cnn_only_fold7_seed42,e:\Thesis Code\training_outputs\mobilenetv3small_8fold_processed_roi_cnn_only\models\processed_roi8_cnn_only_fold7_seed42.h5,e:\Thesis Code\training_outputs\mobilenetv3small_8fold_processed_roi_cnn_only\models\processed_roi8_cnn_only_fold7_seed42.tflite,pork_loin_sample_7,loin,unknown,unknown,547,3458,610,e:\Thesis Code\training_outputs\mobilenetv3small_8fold_processed_roi_cnn_only\predictions\processed_roi8_cnn_only_fold7_seed42_predictions.csv,4.735298156738281,3.8798255920410156,1.7574405118837313,1.8744957940033753,e:\Thesis Code\training_outputs\mobilenetv3small_8fold_processed_roi_cnn_only,"{'loss': [0.8693907260894775, 0.46478021144866943, 0.3665623962879181, 0.2901827394962311, 0.2686220109462738, 0.2486327737569809, 0.2182183861732483, 0.22338297963142395], 'accuracy': [0.6064199209213257, 0.806824803352356, 0.858877956867218, 0.8849045634269714, 0.8961827754974365, 0.89994215965271, 0.911220371723175, 0.910063624382019], 'val_loss': [0.36010104417800903, 0.23922614753246307, 0.1914711892604828, 0.15639594197273254, 0.1496727615594864, 0.13622386753559113, 0.11698347330093384, 0.11108914017677307], 'val_accuracy': [0.8606557250022888, 0.9295082092285156, 0.9377049207687378, 0.9426229596138, 0.9540983438491821, 0.9573770761489868, 0.9622950553894043, 0.9606557488441467], 'val_f1_macro': [0.8629598892582856, 0.9313051709907957, 0.9377566302842215, 0.9434077543488916, 0.9540560515004765, 0.958041318982561, 0.9629694275512014, 0.960940189804583], 'lr': [0.0005, 0.0005, 0.0005, 0.0005, 0.0005, 0.0005, 0.0005, 0.0005]}","{'loss': [0.1856929063796997, 0.16354285180568695, 0.1749897599220276, 0.15277165174484253, 0.1639510542154312, 0.16264070570468903], 'accuracy': [0.9317525029182434, 0.9366686344146729, 0.9337767958641052, 0.9491035342216492, 0.9427415132522583, 0.9381145238876343], 'val_loss': [0.10699425637722015, 0.10573603212833405, 0.10493101179599762, 0.10457825660705566, 0.10416384041309357, 0.10398983210325241], 'val_accuracy': [0.9590163826942444, 0.9590163826942444, 0.9590163826942444, 0.9590163826942444, 0.9590163826942444, 0.9590163826942444], 'val_f1_macro': [0.9593978669240985, 0.9594427436934768, 0.9594427436934768, 0.9594427436934768, 0.9594427436934768, 0.9594427436934768], 'lr': [1e-05, 1e-05, 1e-05, 5e-06, 5e-06, 2.5e-06]}",,"{""0"": 1.0692640692640694, ""1"": 0.9686274509803922, ""2"": 0.9686274509803922}",0.4990859232175503,0.5020905184441097,0.48444444444444446,0.4485438486356865,"{""fresh"": {""precision"": 0.6533333333333333, ""recall"": 0.3333333333333333, ""f1-score"": 0.44144144144144143, ""support"": 147.0}, ""not fresh"": {""precision"": 0.33636363636363636, ""recall"": 0.185, ""f1-score"": 0.23870967741935484, ""support"": 200.0}, ""spoiled"": {""precision"": 0.5165745856353591, ""recall"": 0.935, ""f1-score"": 0.6654804270462633, ""support"": 200.0}, ""accuracy"": 0.4990859232175503, ""macro avg"": {""precision"": 0.5020905184441097, ""recall"": 0.48444444444444446, ""f1-score"": 0.4485438486356865, ""support"": 547.0}, ""weighted avg"": {""precision"": 0.487436278610236, ""recall"": 0.4990859232175503, ""f1-score"": 0.4492320160603574, ""support"": 547.0}}","[[49, 72, 26], [14, 37, 149], [12, 1, 187]]","[[0.3333333333333333, 0.4897959183673469, 0.17687074829931973], [0.07, 0.185, 0.745], [0.06, 0.005, 0.935]]","{""fresh"": 75, ""not fresh"": 110, ""spoiled"": 362}",0.6533333333333333,0.3333333333333333,0.44144144144144143,147,0.33636363636363636,0.185,0.23870967741935484,200,0.5165745856353591,0.935,0.6654804270462633,200,0.8829981718464351,0.9305301645338209,0.06946983546617916,0.5703839122486288,0.7129798903107861,0.28153564899451555,0.915579176353196,0.1736745886654479
2026-05-19T12:35:50.685124,meatlens_mobilenetv3small_8fold_processed_roi_cnn_only,MobileNetV3Small,cross_rotation_interval200_8samples_processed_roi,fold7,123,cnn_only,preprocessed_hsv_lab_threshold_roi_224,processed_roi8_cnn_only_fold7_seed123,e:\Thesis Code\training_outputs\mobilenetv3small_8fold_processed_roi_cnn_only\models\processed_roi8_cnn_only_fold7_seed123.h5,e:\Thesis Code\training_outputs\mobilenetv3small_8fold_processed_roi_cnn_only\models\processed_roi8_cnn_only_fold7_seed123.tflite,pork_loin_sample_7,loin,unknown,unknown,547,3458,610,e:\Thesis Code\training_outputs\mobilenetv3small_8fold_processed_roi_cnn_only\predictions\processed_roi8_cnn_only_fold7_seed123_predictions.csv,4.735298156738281,3.8798255920410156,1.1526380987205607,0.10529502381745232,e:\Thesis Code\training_outputs\mobilenetv3small_8fold_processed_roi_cnn_only,"{'loss': [0.7952091693878174, 0.45596712827682495, 0.3598107397556305, 0.3083811104297638, 0.26984235644340515, 0.2416815608739853, 0.22825376689434052, 0.2108626365661621], 'accuracy': [0.6373626589775085, 0.8201272487640381, 0.8632157444953918, 0.8820127248764038, 0.8944476842880249, 0.9086177349090576, 0.9144014120101929, 0.9175824522972107], 'val_loss': [0.3460562825202942, 0.22937129437923431, 0.19458411633968353, 0.1582469642162323, 0.14291557669639587, 0.12167087197303772, 0.12460196018218994, 0.11286039650440216], 'val_accuracy': [0.9049180150032043, 0.9262295365333557, 0.9327868819236755, 0.9540983438491821, 0.9508196711540222, 0.9639344215393066, 0.9491803050041199, 0.9590163826942444], 'val_f1_macro': [0.906104626808415, 0.9259051533272475, 0.9325875772740654, 0.9547286881703786, 0.9511715556318037, 0.9642836779563453, 0.9491208791208791, 0.9592477021325309], 'lr': [0.0005, 0.0005, 0.0005, 0.0005, 0.0005, 0.0005, 0.0005, 0.0005]}","{'loss': [0.1849537342786789, 0.16682696342468262, 0.1699121594429016, 0.1669747233390808, 0.16335269808769226], 'accuracy': [0.9271255135536194, 0.9369577765464783, 0.9386929273605347, 0.9401388168334961, 0.9375361800193787], 'val_loss': [0.11218763142824173, 0.11242185533046722, 0.11138276755809784, 0.11060377955436707, 0.1102961078286171], 'val_accuracy': [0.9557377099990845, 0.9557377099990845, 0.9557377099990845, 0.9557377099990845, 0.9557377099990845], 'val_f1_macro': [0.955894074952434, 0.9558057412255806, 0.9558057412255806, 0.9558057412255806, 0.9558057412255806], 'lr': [1e-05, 1e-05, 1e-05, 5e-06, 5e-06]}",,"{""0"": 1.0692640692640694, ""1"": 0.9686274509803922, ""2"": 0.9686274509803922}",0.48628884826325414,0.47442542686428874,0.47037414965986396,0.43770870654709393,"{""fresh"": {""precision"": 0.5232558139534884, ""recall"": 0.30612244897959184, ""f1-score"": 0.38626609442060084, ""support"": 147.0}, ""not fresh"": {""precision"": 0.39285714285714285, ""recall"": 0.22, ""f1-score"": 0.28205128205128205, ""support"": 200.0}, ""spoiled"": {""precision"": 0.5071633237822349, ""recall"": 0.885, ""f1-score"": 0.644808743169399, ""support"": 200.0}, ""accuracy"": 0.48628884826325414, ""macro avg"": {""precision"": 0.47442542686428874, ""recall"": 0.47037414965986396, ""f1-score"": 0.43770870654709393, ""support"": 547.0}, ""weighted avg"": {""precision"": 0.46969414621396405, ""recall"": 0.48628884826325414, ""f1-score"": 0.4426930912686737, ""support"": 547.0}}","[[45, 67, 35], [19, 44, 137], [22, 1, 177]]","[[0.30612244897959184, 0.4557823129251701, 0.23809523809523808], [0.095, 0.22, 0.685], [0.11, 0.005, 0.885]]","{""fresh"": 86, ""not fresh"": 112, ""spoiled"": 349}",0.5232558139534884,0.30612244897959184,0.38626609442060084,147,0.39285714285714285,0.22,0.28205128205128205,200,0.5071633237822349,0.885,0.644808743169399,200,0.8738574040219378,0.8957952468007313,0.10420475319926874,0.6179159049360147,0.5740402193784278,0.2303473491773309,0.9193785426945522,0.14990859232175502
2026-05-19T12:38:05.077669,meatlens_mobilenetv3small_8fold_processed_roi_cnn_only,MobileNetV3Small,cross_rotation_interval200_8samples_processed_roi,fold7,2026,cnn_only,preprocessed_hsv_lab_threshold_roi_224,processed_roi8_cnn_only_fold7_seed2026,e:\Thesis Code\training_outputs\mobilenetv3small_8fold_processed_roi_cnn_only\models\processed_roi8_cnn_only_fold7_seed2026.h5,e:\Thesis Code\training_outputs\mobilenetv3small_8fold_processed_roi_cnn_only\models\processed_roi8_cnn_only_fold7_seed2026.tflite,pork_loin_sample_7,loin,unknown,unknown,547,3458,610,e:\Thesis Code\training_outputs\mobilenetv3small_8fold_processed_roi_cnn_only\predictions\processed_roi8_cnn_only_fold7_seed2026_predictions.csv,4.735298156738281,3.8798255920410156,1.2088456855582401,0.1338246822656808,e:\Thesis Code\training_outputs\mobilenetv3small_8fold_processed_roi_cnn_only,"{'loss': [0.8869571685791016, 0.4795002341270447, 0.3711010217666626, 0.31802836060523987, 0.28109315037727356, 0.24433960020542145, 0.23023952543735504, 0.21528658270835876], 'accuracy': [0.6069982647895813, 0.8074031472206116, 0.8493348956108093, 0.8721804618835449, 0.8880856037139893, 0.9060150384902954, 0.9086177349090576, 0.9201850891113281], 'val_loss': [0.40317633748054504, 0.23736819624900818, 0.19499489665031433, 0.15971416234970093, 0.15020573139190674, 0.14170479774475098, 0.12727145850658417, 0.12069661915302277], 'val_accuracy': [0.9032787084579468, 0.9295082092285156, 0.9327868819236755, 0.9491803050041199, 0.9557377099990845, 0.94590163230896, 0.9573770761489868, 0.9590163826942444], 'val_f1_macro': [0.9039275809121557, 0.9300025750625268, 0.9338533770439527, 0.9498069602356655, 0.9561727682570154, 0.9469323324494211, 0.9577624763806519, 0.9592672444275907], 'lr': [0.0005, 0.0005, 0.0005, 0.0005, 0.0005, 0.0005, 0.0005, 0.0005]}","{'loss': [0.1809827834367752, 0.17515230178833008, 0.1759130358695984, 0.17014820873737335, 0.1700534224510193], 'accuracy': [0.926836371421814, 0.9320416450500488, 0.9320416450500488, 0.9366686344146729, 0.9384037256240845], 'val_loss': [0.11646823585033417, 0.11402975767850876, 0.11327138543128967, 0.11256123334169388, 0.11211620271205902], 'val_accuracy': [0.9606557488441467, 0.9590163826942444, 0.9590163826942444, 0.9590163826942444, 0.9590163826942444], 'val_f1_macro': [0.9608960958986508, 0.9593115759309163, 0.9593115759309163, 0.9593115759309163, 0.9593115759309163], 'lr': [1e-05, 1e-05, 1e-05, 5e-06, 5e-06]}",,"{""0"": 1.0692640692640694, ""1"": 0.9686274509803922, ""2"": 0.9686274509803922}",0.4844606946983547,0.5158766665078223,0.4639002267573696,0.41370568029191873,"{""fresh"": {""precision"": 0.7551020408163265, ""recall"": 0.25170068027210885, ""f1-score"": 0.37755102040816324, ""support"": 147.0}, ""not fresh"": {""precision"": 0.2912621359223301, ""recall"": 0.15, ""f1-score"": 0.19801980198019803, ""support"": 200.0}, ""spoiled"": {""precision"": 0.5012658227848101, ""recall"": 0.99, ""f1-score"": 0.6655462184873949, ""support"": 200.0}, ""accuracy"": 0.4844606946983547, ""macro avg"": {""precision"": 0.5158766665078223, ""recall"": 0.4639002267573696, ""f1-score"": 0.41370568029191873, ""support"": 547.0}, ""weighted avg"": {""precision"": 0.4926976083024278, ""recall"": 0.4844606946983547, ""f1-score"": 0.4172087826206921, ""support"": 547.0}}","[[37, 72, 38], [11, 30, 159], [1, 1, 198]]","[[0.25170068027210885, 0.4897959183673469, 0.2585034013605442], [0.055, 0.15, 0.795], [0.005, 0.005, 0.99]]","{""fresh"": 49, ""not fresh"": 103, ""spoiled"": 395}",0.7551020408163265,0.25170068027210885,0.37755102040816324,147,0.2912621359223301,0.15,0.19801980198019803,200,0.5012658227848101,0.99,0.6655462184873949,200,0.8738574040219378,0.9287020109689214,0.0712979890310786,0.5868372943327239,0.5612431444241316,0.2340036563071298,0.9149141116104579,0.09872029250457039
2026-05-19T12:40:18.742287,meatlens_mobilenetv3small_8fold_processed_roi_cnn_only,MobileNetV3Small,cross_rotation_interval200_8samples_processed_roi,fold8,42,cnn_only,preprocessed_hsv_lab_threshold_roi_224,processed_roi8_cnn_only_fold8_seed42,e:\Thesis Code\training_outputs\mobilenetv3small_8fold_processed_roi_cnn_only\models\processed_roi8_cnn_only_fold8_seed42.h5,e:\Thesis Code\training_outputs\mobilenetv3small_8fold_processed_roi_cnn_only\models\processed_roi8_cnn_only_fold8_seed42.tflite,pork_loin_sample_8,loin,unknown,unknown,600,3413,602,e:\Thesis Code\training_outputs\mobilenetv3small_8fold_processed_roi_cnn_only\predictions\processed_roi8_cnn_only_fold8_seed42_predictions.csv,4.735298156738281,3.8798255920410156,1.11143739999928,0.09579425070257722,e:\Thesis Code\training_outputs\mobilenetv3small_8fold_processed_roi_cnn_only,"{'loss': [0.8660423755645752, 0.4671056866645813, 0.344114750623703, 0.30622488260269165, 0.26772135496139526, 0.2574658691883087, 0.22477124631404877, 0.2151198834180832], 'accuracy': [0.6120715141296387, 0.8159976601600647, 0.8634632229804993, 0.8784061074256897, 0.8948139548301697, 0.8959859609603882, 0.9085848331451416, 0.9173747897148132], 'val_loss': [0.35555320978164673, 0.24451813101768494, 0.1949004828929901, 0.16178840398788452, 0.14253239333629608, 0.13627326488494873, 0.11725067347288132, 0.11035243421792984], 'val_accuracy': [0.8986710906028748, 0.9086378812789917, 0.9219269156455994, 0.9584717154502869, 0.9501661062240601, 0.9501661062240601, 0.9584717154502869, 0.9684385061264038], 'val_f1_macro': [0.9012614651402991, 0.9108133836228944, 0.9224678952010693, 0.9588284675182256, 0.9510028346813014, 0.9502803781845279, 0.9590676984485206, 0.9686601499876356], 'lr': [0.0005, 0.0005, 0.0005, 0.0005, 0.0005, 0.0005, 0.00025, 0.00025]}","{'loss': [0.18368594348430634, 0.1805015206336975, 0.16773442924022675, 0.16821472346782684, 0.16416311264038086], 'accuracy': [0.9329036474227905, 0.9299736618995667, 0.9414005279541016, 0.9411075711250305, 0.9381775856018066], 'val_loss': [0.10857392102479935, 0.10803250223398209, 0.10734983533620834, 0.106599822640419, 0.10672184079885483], 'val_accuracy': [0.9717607498168945, 0.9700996279716492, 0.9717607498168945, 0.9700996279716492, 0.9717607498168945], 'val_f1_macro': [0.9719812388860299, 0.9703004896029329, 0.9719812388860299, 0.9703004896029329, 0.9719812388860299], 'lr': [1e-05, 1e-05, 1e-05, 5e-06, 5e-06]}",,"{""0"": 1.101323007421749, ""1"": 0.9560224089635855, ""2"": 0.9560224089635855}",0.595,0.4265800951954492,0.5950000000000001,0.48333028281113943,"{""fresh"": {""precision"": 0.5025125628140703, ""recall"": 1.0, ""f1-score"": 0.6688963210702341, ""support"": 200.0}, ""not fresh"": {""precision"": 0.0, ""recall"": 0.0, ""f1-score"": 0.0, ""support"": 200.0}, ""spoiled"": {""precision"": 0.7772277227722773, ""recall"": 0.785, ""f1-score"": 0.7810945273631841, ""support"": 200.0}, ""accuracy"": 0.595, ""macro avg"": {""precision"": 0.4265800951954492, ""recall"": 0.5950000000000001, ""f1-score"": 0.48333028281113943, ""support"": 600.0}, ""weighted avg"": {""precision"": 0.4265800951954492, ""recall"": 0.595, ""f1-score"": 0.4833302828111394, ""support"": 600.0}}","[[200, 0, 0], [155, 0, 45], [43, 0, 157]]","[[1.0, 0.0, 0.0], [0.775, 0.0, 0.225], [0.215, 0.0, 0.785]]","{""fresh"": 398, ""not fresh"": 0, ""spoiled"": 202}",0.5025125628140703,1.0,0.6688963210702341,200,0.0,0.0,0.0,200,0.7772277227722773,0.785,0.7810945273631841,200,0.72,0.9283333333333333,0.07166666666666667,0.4766666666666667,0.30833333333333335,0.085,0.9459761341412862,0.2833333333333333
2026-05-19T12:42:40.493560,meatlens_mobilenetv3small_8fold_processed_roi_cnn_only,MobileNetV3Small,cross_rotation_interval200_8samples_processed_roi,fold8,123,cnn_only,preprocessed_hsv_lab_threshold_roi_224,processed_roi8_cnn_only_fold8_seed123,e:\Thesis Code\training_outputs\mobilenetv3small_8fold_processed_roi_cnn_only\models\processed_roi8_cnn_only_fold8_seed123.h5,e:\Thesis Code\training_outputs\mobilenetv3small_8fold_processed_roi_cnn_only\models\processed_roi8_cnn_only_fold8_seed123.tflite,pork_loin_sample_8,loin,unknown,unknown,600,3413,602,e:\Thesis Code\training_outputs\mobilenetv3small_8fold_processed_roi_cnn_only\predictions\processed_roi8_cnn_only_fold8_seed123_predictions.csv,4.735298156738281,3.8798255920410156,1.1120574499991562,0.07677538965553692,e:\Thesis Code\training_outputs\mobilenetv3small_8fold_processed_roi_cnn_only,"{'loss': [0.7853572964668274, 0.4572005867958069, 0.3452499508857727, 0.304483562707901, 0.26421570777893066, 0.23157735168933868, 0.22217456996440887, 0.20876576006412506], 'accuracy': [0.6463521718978882, 0.8189276456832886, 0.8628772497177124, 0.8822150826454163, 0.8995019197463989, 0.9118078351020813, 0.9121007919311523, 0.918546736240387], 'val_loss': [0.37723779678344727, 0.23126763105392456, 0.19427049160003662, 0.15557676553726196, 0.14665599167346954, 0.12300487607717514, 0.11153718084096909, 0.11546188592910767], 'val_accuracy': [0.8870431780815125, 0.9302325248718262, 0.9252491593360901, 0.9568105936050415, 0.9385381937026978, 0.960132896900177, 0.9684385061264038, 0.9651162624359131], 'val_f1_macro': [0.8861344803372132, 0.9315149095556885, 0.9270818287373883, 0.9574798274970712, 0.9390875765203627, 0.9604318702216013, 0.9685819485324516, 0.9653605764743219], 'lr': [0.0005, 0.0005, 0.0005, 0.0005, 0.0005, 0.0005, 0.0005, 0.0005]}","{'loss': [0.1876557469367981, 0.1787859946489334, 0.15909866988658905, 0.16517435014247894, 0.1613137573003769, 0.14632870256900787, 0.1486031711101532], 'accuracy': [0.9305596351623535, 0.9337826371192932, 0.9434515237808228, 0.9416935443878174, 0.9437445402145386, 0.9510694742202759, 0.9472604990005493], 'val_loss': [0.10881182551383972, 0.10732926428318024, 0.10606598109006882, 0.10463730990886688, 0.10378092527389526, 0.10308431088924408, 0.10263792425394058], 'val_accuracy': [0.9684385061264038, 0.9684385061264038, 0.9700996279716492, 0.9700996279716492, 0.9700996279716492, 0.9700996279716492, 0.9700996279716492], 'val_f1_macro': [0.9684959245650094, 0.9684959245650094, 0.9701813696377176, 0.9701813696377176, 0.9701660099595685, 0.9701660099595685, 0.9701660099595685], 'lr': [1e-05, 1e-05, 1e-05, 1e-05, 1e-05, 5e-06, 5e-06]}",,"{""0"": 1.101323007421749, ""1"": 0.9560224089635855, ""2"": 0.9560224089635855}",0.5866666666666667,0.41751560347929667,0.5866666666666667,0.47478639406018236,"{""fresh"": {""precision"": 0.5037783375314862, ""recall"": 1.0, ""f1-score"": 0.6700167504187605, ""support"": 200.0}, ""not fresh"": {""precision"": 0.0, ""recall"": 0.0, ""f1-score"": 0.0, ""support"": 200.0}, ""spoiled"": {""precision"": 0.7487684729064039, ""recall"": 0.76, ""f1-score"": 0.7543424317617866, ""support"": 200.0}, ""accuracy"": 0.5866666666666667, ""macro avg"": {""precision"": 0.41751560347929667, ""recall"": 0.5866666666666667, ""f1-score"": 0.47478639406018236, ""support"": 600.0}, ""weighted avg"": {""precision"": 0.4175156034792967, ""recall"": 0.5866666666666667, ""f1-score"": 0.4747863940601824, ""support"": 600.0}}","[[200, 0, 0], [149, 0, 51], [48, 0, 152]]","[[1.0, 0.0, 0.0], [0.745, 0.0, 0.255], [0.24, 0.0, 0.76]]","{""fresh"": 397, ""not fresh"": 0, ""spoiled"": 203}",0.5037783375314862,1.0,0.6700167504187605,200,0.0,0.0,0.0,200,0.7487684729064039,0.76,0.7543424317617866,200,0.7083333333333334,0.92,0.08,0.49333333333333335,0.41,0.07833333333333334,0.9491776165209318,0.315
2026-05-19T12:44:54.701529,meatlens_mobilenetv3small_8fold_processed_roi_cnn_only,MobileNetV3Small,cross_rotation_interval200_8samples_processed_roi,fold8,2026,cnn_only,preprocessed_hsv_lab_threshold_roi_224,processed_roi8_cnn_only_fold8_seed2026,e:\Thesis Code\training_outputs\mobilenetv3small_8fold_processed_roi_cnn_only\models\processed_roi8_cnn_only_fold8_seed2026.h5,e:\Thesis Code\training_outputs\mobilenetv3small_8fold_processed_roi_cnn_only\models\processed_roi8_cnn_only_fold8_seed2026.tflite,pork_loin_sample_8,loin,unknown,unknown,600,3413,602,e:\Thesis Code\training_outputs\mobilenetv3small_8fold_processed_roi_cnn_only\predictions\processed_roi8_cnn_only_fold8_seed2026_predictions.csv,4.735298156738281,3.8798255920410156,1.1199030833337624,0.050352187773080176,e:\Thesis Code\training_outputs\mobilenetv3small_8fold_processed_roi_cnn_only,"{'loss': [0.8810409903526306, 0.48448750376701355, 0.3648246228694916, 0.3100988268852234, 0.2825002670288086, 0.2380339652299881, 0.23488548398017883, 0.2204449623823166], 'accuracy': [0.6123645305633545, 0.8028128147125244, 0.8570173382759094, 0.8807501196861267, 0.8877820372581482, 0.9088778495788574, 0.9056548476219177, 0.9106358289718628], 'val_loss': [0.3723425269126892, 0.2596392035484314, 0.18518315255641937, 0.16518445312976837, 0.15797866880893707, 0.1281323879957199, 0.12651512026786804, 0.11683492362499237], 'val_accuracy': [0.8837209343910217, 0.935215950012207, 0.9468438029289246, 0.9534883499145508, 0.935215950012207, 0.9584717154502869, 0.9651162624359131, 0.9568105936050415], 'val_f1_macro': [0.8871736299453269, 0.9357008340059187, 0.9478135445559189, 0.9539146922751538, 0.9366557657225855, 0.9587276649497486, 0.9659272753094265, 0.9571039075962927], 'lr': [0.0005, 0.0005, 0.0005, 0.0005, 0.0005, 0.0005, 0.0005, 0.0005]}","{'loss': [0.18342441320419312, 0.17671804130077362, 0.17084228992462158, 0.1717013120651245, 0.1692984402179718], 'accuracy': [0.9246997237205505, 0.937298595905304, 0.9384706020355225, 0.9349545836448669, 0.9346616268157959], 'val_loss': [0.10714080184698105, 0.10536817461252213, 0.10474531352519989, 0.10419996827840805, 0.10349415987730026], 'val_accuracy': [0.9684385061264038, 0.9667773842811584, 0.9684385061264038, 0.9684385061264038, 0.9684385061264038], 'val_f1_macro': [0.9686832398681133, 0.9670389334152528, 0.9686226611404231, 0.9686226611404231, 0.9686226611404231], 'lr': [1e-05, 1e-05, 1e-05, 5e-06, 5e-06]}",,"{""0"": 1.101323007421749, ""1"": 0.9560224089635855, ""2"": 0.9560224089635855}",0.5966666666666667,0.43183074526358106,0.5966666666666667,0.48614055882958535,"{""fresh"": {""precision"": 0.4975124378109453, ""recall"": 1.0, ""f1-score"": 0.6644518272425249, ""support"": 200.0}, ""not fresh"": {""precision"": 0.0, ""recall"": 0.0, ""f1-score"": 0.0, ""support"": 200.0}, ""spoiled"": {""precision"": 0.797979797979798, ""recall"": 0.79, ""f1-score"": 0.7939698492462312, ""support"": 200.0}, ""accuracy"": 0.5966666666666667, ""macro avg"": {""precision"": 0.43183074526358106, ""recall"": 0.5966666666666667, ""f1-score"": 0.48614055882958535, ""support"": 600.0}, ""weighted avg"": {""precision"": 0.4318307452635812, ""recall"": 0.5966666666666667, ""f1-score"": 0.48614055882958535, ""support"": 600.0}}","[[200, 0, 0], [160, 0, 40], [42, 0, 158]]","[[1.0, 0.0, 0.0], [0.8, 0.0, 0.2], [0.21, 0.0, 0.79]]","{""fresh"": 402, ""not fresh"": 0, ""spoiled"": 198}",0.4975124378109453,1.0,0.6644518272425249,200,0.0,0.0,0.0,200,0.797979797979798,0.79,0.7939698492462312,200,0.79,0.93,0.07,0.47333333333333333,0.3933333333333333,0.12666666666666668,0.9480214698447121,0.2733333333333333
