timestamp,backbone,split_mode,fold_name,seed,model_input_mode,image_crop_mode,run_stem,model_path,tflite_path,held_out_sample,held_out_cut,capture_source,phone_group,test_count,train_count,val_count,predictions_path,h5_size_mb,tflite_size_mb,inference_mean_ms_per_image,inference_std_ms_per_image,history_head,history_fine,checkpoint_path,class_weights_json,accuracy,macro_precision,macro_recall,macro_f1,classification_report_json,confusion_matrix_json,normalized_confusion_matrix_json,prediction_distribution_json,fresh_precision,fresh_recall,fresh_f1,fresh_support,not_fresh_precision,not_fresh_recall,not_fresh_f1,not_fresh_support,spoiled_precision,spoiled_recall,spoiled_f1,spoiled_support,top_2_accuracy,adjacent_accuracy,severe_error_rate,mean_absolute_ordinal_error,borderline_rate,low_confidence_rate,adjacent_pair_combined_confidence_mean,non_adjacent_top2_rate
2026-05-18T16:18:47.089001,MobileNetV3Small,cross_rotation,fold1,42,cnn_only,preprocessed_segmented_roi_224,segmented6_cnn_only_fold1_seed42,e:\Thesis Code\training_outputs\mobilenetv3small_segmented6_cnn_only\models\segmented6_cnn_only_fold1_seed42.h5,e:\Thesis Code\training_outputs\mobilenetv3small_segmented6_cnn_only\models\segmented6_cnn_only_fold1_seed42.tflite,pork_shoulder_sample_1,shoulder,researcher_home,old_phone,600,2438,430,e:\Thesis Code\training_outputs\mobilenetv3small_segmented6_cnn_only\predictions\segmented6_cnn_only_fold1_seed42_predictions.csv,4.735282897949219,3.8665237426757812,1.9696915166668987,0.15901958705126182,"{'loss': [0.8963051438331604, 0.45011839270591736, 0.30895647406578064, 0.25838613510131836, 0.23578447103500366, 0.20981314778327942, 0.18437567353248596, 0.1803334504365921], 'accuracy': [0.609926164150238, 0.8264971375465393, 0.8896636366844177, 0.9023789763450623, 0.9109926223754883, 0.9212469458580017, 0.9310910701751709, 0.929860532283783], 'val_loss': [0.38714003562927246, 0.26164719462394714, 0.20052558183670044, 0.1687331199645996, 0.18219438195228577, 0.13334685564041138, 0.13279381394386292, 0.13864043354988098], 'val_accuracy': [0.9023255705833435, 0.9116278886795044, 0.9441860318183899, 0.9441860318183899, 0.9372093081474304, 0.9534883499145508, 0.9534883499145508, 0.9534883499145508], 'val_f1_macro': [0.9057118280454287, 0.9145884251372481, 0.9459666322669419, 0.945791494359116, 0.9390708013586032, 0.9545755170755171, 0.9546018497631401, 0.955006695457779], 'lr': [0.0005, 0.0005, 0.0005, 0.0005, 0.0005, 0.00025, 0.00025, 0.00025]}","{'loss': [0.1663135588169098, 0.16374556720256805, 0.16792050004005432, 0.1789882332086563, 0.16362497210502625], 'accuracy': [0.9397046566009521, 0.9401148557662964, 0.9376538395881653, 0.9265791773796082, 0.9343724250793457], 'val_loss': [0.13121719658374786, 0.12969839572906494, 0.12927979230880737, 0.1293341964483261, 0.12875176966190338], 'val_accuracy': [0.9558139443397522, 0.9558139443397522, 0.9558139443397522, 0.9558139443397522, 0.9558139443397522], 'val_f1_macro': [0.9570629958423282, 0.9568292956287273, 0.9568292956287273, 0.9568292956287273, 0.9568292956287273], 'lr': [1e-05, 1e-05, 1e-05, 5e-06, 5e-06]}",,"{""0"": 1.1011743450767841, ""1"": 0.956078431372549, ""2"": 0.956078431372549}",0.68,0.8192802731809824,0.68,0.5776353276353277,"{""fresh"": {""precision"": 0.9259259259259259, ""recall"": 1.0, ""f1-score"": 0.9615384615384616, ""support"": 200.0}, ""not fresh"": {""precision"": 1.0, ""recall"": 0.04, ""f1-score"": 0.07692307692307693, ""support"": 200.0}, ""spoiled"": {""precision"": 0.5319148936170213, ""recall"": 1.0, ""f1-score"": 0.6944444444444444, ""support"": 200.0}, ""accuracy"": 0.68, ""macro avg"": {""precision"": 0.8192802731809824, ""recall"": 0.68, ""f1-score"": 0.5776353276353277, ""support"": 600.0}, ""weighted avg"": {""precision"": 0.8192802731809824, ""recall"": 0.68, ""f1-score"": 0.5776353276353277, ""support"": 600.0}}","[[200, 0, 0], [16, 8, 176], [0, 0, 200]]","[[1.0, 0.0, 0.0], [0.08, 0.04, 0.88], [0.0, 0.0, 1.0]]","{""fresh"": 216, ""not fresh"": 8, ""spoiled"": 376}",0.9259259259259259,1.0,0.9615384615384616,200,1.0,0.04,0.07692307692307693,200,0.5319148936170213,1.0,0.6944444444444444,200,0.7766666666666666,1.0,0.0,0.32,0.5883333333333334,0.16833333333333333,0.8835449433541512,0.4033333333333333
2026-05-18T16:20:55.934196,MobileNetV3Small,cross_rotation,fold1,123,cnn_only,preprocessed_segmented_roi_224,segmented6_cnn_only_fold1_seed123,e:\Thesis Code\training_outputs\mobilenetv3small_segmented6_cnn_only\models\segmented6_cnn_only_fold1_seed123.h5,e:\Thesis Code\training_outputs\mobilenetv3small_segmented6_cnn_only\models\segmented6_cnn_only_fold1_seed123.tflite,pork_shoulder_sample_1,shoulder,researcher_home,old_phone,600,2438,430,e:\Thesis Code\training_outputs\mobilenetv3small_segmented6_cnn_only\predictions\segmented6_cnn_only_fold1_seed123_predictions.csv,4.735282897949219,3.8665237426757812,2.065890816666676,0.05919571866843349,"{'loss': [0.8111915588378906, 0.41317030787467957, 0.315341591835022, 0.2556792199611664, 0.23227977752685547, 0.20751339197158813, 0.18540716171264648, 0.17593881487846375], 'accuracy': [0.6316652894020081, 0.8523379564285278, 0.8802297115325928, 0.9081214070320129, 0.9142739772796631, 0.9150943160057068, 0.9265791773796082, 0.9356029629707336], 'val_loss': [0.3810688555240631, 0.2736138701438904, 0.18647871911525726, 0.17100974917411804, 0.17237693071365356, 0.15510745346546173, 0.12087585777044296, 0.12479814141988754], 'val_accuracy': [0.9046511650085449, 0.909302294254303, 0.9465116262435913, 0.9511628150939941, 0.9232558012008667, 0.9488372206687927, 0.960465133190155, 0.960465133190155], 'val_f1_macro': [0.9082216344287337, 0.9115070729871114, 0.9476057933048171, 0.9523908703737848, 0.9250039658097492, 0.9500459463060195, 0.9615120454571082, 0.9615914259196242], 'lr': [0.0005, 0.0005, 0.0005, 0.0005, 0.0005, 0.0005, 0.00025, 0.00025]}","{'loss': [0.18675772845745087, 0.14910125732421875, 0.16224108636379242, 0.1536836326122284, 0.16854526102542877], 'accuracy': [0.9294503927230835, 0.9454470872879028, 0.9364233016967773, 0.9392945170402527, 0.9323215484619141], 'val_loss': [0.12522479891777039, 0.12471074610948563, 0.12493836879730225, 0.12480953335762024, 0.12515118718147278], 'val_accuracy': [0.960465133190155, 0.960465133190155, 0.960465133190155, 0.960465133190155, 0.960465133190155], 'val_f1_macro': [0.9615914259196242, 0.9615120454571082, 0.9615120454571082, 0.9615120454571082, 0.9615120454571082], 'lr': [1e-05, 1e-05, 1e-05, 5e-06, 5e-06]}",,"{""0"": 1.1011743450767841, ""1"": 0.956078431372549, ""2"": 0.956078431372549}",0.5483333333333333,0.6975317880081403,0.5483333333333333,0.4720540956914405,"{""fresh"": {""precision"": 0.9606299212598425, ""recall"": 0.61, ""f1-score"": 0.746177370030581, ""support"": 200.0}, ""not fresh"": {""precision"": 0.7, ""recall"": 0.035, ""f1-score"": 0.06666666666666667, ""support"": 200.0}, ""spoiled"": {""precision"": 0.4319654427645788, ""recall"": 1.0, ""f1-score"": 0.6033182503770739, ""support"": 200.0}, ""accuracy"": 0.5483333333333333, ""macro avg"": {""precision"": 0.6975317880081403, ""recall"": 0.5483333333333333, ""f1-score"": 0.4720540956914405, ""support"": 600.0}, ""weighted avg"": {""precision"": 0.6975317880081403, ""recall"": 0.5483333333333333, ""f1-score"": 0.47205409569144063, ""support"": 600.0}}","[[122, 3, 75], [5, 7, 188], [0, 0, 200]]","[[0.61, 0.015, 0.375], [0.025, 0.035, 0.94], [0.0, 0.0, 1.0]]","{""fresh"": 127, ""not fresh"": 10, ""spoiled"": 463}",0.9606299212598425,0.61,0.746177370030581,200,0.7,0.035,0.06666666666666667,200,0.4319654427645788,1.0,0.6033182503770739,200,0.885,0.875,0.125,0.5766666666666667,0.59,0.21333333333333335,0.9116715985143969,0.31166666666666665
2026-05-18T16:23:05.881428,MobileNetV3Small,cross_rotation,fold1,2026,cnn_only,preprocessed_segmented_roi_224,segmented6_cnn_only_fold1_seed2026,e:\Thesis Code\training_outputs\mobilenetv3small_segmented6_cnn_only\models\segmented6_cnn_only_fold1_seed2026.h5,e:\Thesis Code\training_outputs\mobilenetv3small_segmented6_cnn_only\models\segmented6_cnn_only_fold1_seed2026.tflite,pork_shoulder_sample_1,shoulder,researcher_home,old_phone,600,2438,430,e:\Thesis Code\training_outputs\mobilenetv3small_segmented6_cnn_only\predictions\segmented6_cnn_only_fold1_seed2026_predictions.csv,4.735282897949219,3.8665237426757812,2.1748957500000565,0.013678418823666683,"{'loss': [0.898824155330658, 0.4316323697566986, 0.3145122230052948, 0.26644521951675415, 0.23110684752464294, 0.1984783560037613, 0.18932190537452698, 0.17229290306568146], 'accuracy': [0.5972108244895935, 0.8351107239723206, 0.8880229592323303, 0.8995078206062317, 0.9101722836494446, 0.9237079620361328, 0.9232977628707886, 0.9315012097358704], 'val_loss': [0.3900163769721985, 0.27465566992759705, 0.2332729548215866, 0.18392249941825867, 0.1520681083202362, 0.1450859159231186, 0.13683949410915375, 0.1315816044807434], 'val_accuracy': [0.909302294254303, 0.8906976580619812, 0.9139534831047058, 0.9441860318183899, 0.9511628150939941, 0.9534883499145508, 0.9581395387649536, 0.9581395387649536], 'val_f1_macro': [0.9121848745640143, 0.8940200689437926, 0.9166179386362873, 0.945791494359116, 0.9523489179539381, 0.9549001762475143, 0.9591086156993319, 0.9591314499275844], 'lr': [0.0005, 0.0005, 0.0005, 0.0005, 0.0005, 0.0005, 0.0005, 0.0005]}","{'loss': [0.15098223090171814, 0.1492077261209488, 0.15876948833465576, 0.15544062852859497, 0.1488940566778183], 'accuracy': [0.9462674260139465, 0.9499589800834656, 0.9397046566009521, 0.9438064098358154, 0.9438064098358154], 'val_loss': [0.12765999138355255, 0.12643219530582428, 0.12837547063827515, 0.12810929119586945, 0.12747836112976074], 'val_accuracy': [0.9581395387649536, 0.9581395387649536, 0.9581395387649536, 0.9581395387649536, 0.9581395387649536], 'val_f1_macro': [0.9591314499275844, 0.9591314499275844, 0.9591314499275844, 0.9591314499275844, 0.9591314499275844], 'lr': [1e-05, 1e-05, 1e-05, 5e-06, 5e-06]}",,"{""0"": 1.1011743450767841, ""1"": 0.956078431372549, ""2"": 0.956078431372549}",0.675,0.8237660374529964,0.6749999999999999,0.5769109794113254,"{""fresh"": {""precision"": 0.9569377990430622, ""recall"": 1.0, ""f1-score"": 0.9779951100244498, ""support"": 200.0}, ""not fresh"": {""precision"": 1.0, ""recall"": 0.04, ""f1-score"": 0.07692307692307693, ""support"": 200.0}, ""spoiled"": {""precision"": 0.5143603133159269, ""recall"": 0.985, ""f1-score"": 0.6758147512864494, ""support"": 200.0}, ""accuracy"": 0.675, ""macro avg"": {""precision"": 0.8237660374529964, ""recall"": 0.6749999999999999, ""f1-score"": 0.5769109794113254, ""support"": 600.0}, ""weighted avg"": {""precision"": 0.8237660374529964, ""recall"": 0.675, ""f1-score"": 0.5769109794113254, ""support"": 600.0}}","[[200, 0, 0], [6, 8, 186], [3, 0, 197]]","[[1.0, 0.0, 0.0], [0.03, 0.04, 0.93], [0.015, 0.0, 0.985]]","{""fresh"": 209, ""not fresh"": 8, ""spoiled"": 383}",0.9569377990430622,1.0,0.9779951100244498,200,1.0,0.04,0.07692307692307693,200,0.5143603133159269,0.985,0.6758147512864494,200,0.885,0.995,0.005,0.33,0.6216666666666667,0.10166666666666667,0.8886001164885773,0.33166666666666667
2026-05-18T16:25:48.697708,MobileNetV3Small,cross_rotation,fold2,42,cnn_only,preprocessed_segmented_roi_224,segmented6_cnn_only_fold2_seed42,e:\Thesis Code\training_outputs\mobilenetv3small_segmented6_cnn_only\models\segmented6_cnn_only_fold2_seed42.h5,e:\Thesis Code\training_outputs\mobilenetv3small_segmented6_cnn_only\models\segmented6_cnn_only_fold2_seed42.tflite,pork_shoulder_sample_2,shoulder,partner_home,old_phone,600,2438,430,e:\Thesis Code\training_outputs\mobilenetv3small_segmented6_cnn_only\predictions\segmented6_cnn_only_fold2_seed42_predictions.csv,4.735282897949219,3.8665237426757812,2.4898224499999437,0.035780994416147745,"{'loss': [0.8429959416389465, 0.4297378361225128, 0.3165406882762909, 0.26858294010162354, 0.23402796685695648, 0.21492992341518402, 0.191216841340065, 0.17912621796131134], 'accuracy': [0.636587381362915, 0.8342903852462769, 0.8744872808456421, 0.8958162665367126, 0.9052501916885376, 0.9224774241447449, 0.9286300539970398, 0.9323215484619141], 'val_loss': [0.3589417338371277, 0.26680368185043335, 0.19307924807071686, 0.16913233697414398, 0.16342487931251526, 0.13900107145309448, 0.12485061585903168, 0.12383539974689484], 'val_accuracy': [0.9023255705833435, 0.9209302067756653, 0.9372093081474304, 0.9511628150939941, 0.9372093081474304, 0.9511628150939941, 0.9534883499145508, 0.9534883499145508], 'val_f1_macro': [0.9051757114853226, 0.9231698683872597, 0.9388058952310715, 0.952283621675548, 0.9388379841893268, 0.952280650075398, 0.9545191650454807, 0.9544276177186791], 'lr': [0.0005, 0.0005, 0.0005, 0.0005, 0.0005, 0.0005, 0.00025, 0.00025]}","{'loss': [0.17457044124603271, 0.17525337636470795, 0.1614004671573639, 0.18485473096370697, 0.16918233036994934, 0.1713535040616989, 0.1782233715057373, 0.17829351127147675, 0.17052112519741058, 0.171474888920784], 'accuracy': [0.9327317476272583, 0.9347826242446899, 0.9380639791488647, 0.9327317476272583, 0.938474178314209, 0.9339622855186462, 0.9364233016967773, 0.9286300539970398, 0.9347826242446899, 0.9343724250793457], 'val_loss': [0.1264060139656067, 0.12694458663463593, 0.12540939450263977, 0.12516368925571442, 0.12353868782520294, 0.12164145708084106, 0.1200975775718689, 0.12210800498723984, 0.12121295183897018, 0.12097115814685822], 'val_accuracy': [0.9441860318183899, 0.9465116262435913, 0.9488372206687927, 0.9511628150939941, 0.9511628150939941, 0.9534883499145508, 0.9534883499145508, 0.9511628150939941, 0.9534883499145508, 0.9534883499145508], 'val_f1_macro': [0.9454082706033877, 0.94762447826891, 0.9499260596034791, 0.952224230553595, 0.952224230553595, 0.954451224492642, 0.954451224492642, 0.9521465458003465, 0.954451224492642, 0.954451224492642], 'lr': [1e-05, 1e-05, 1e-05, 1e-05, 1e-05, 1e-05, 1e-05, 1e-05, 5e-06, 5e-06]}",,"{""0"": 1.1011743450767841, ""1"": 0.956078431372549, ""2"": 0.956078431372549}",0.5983333333333334,0.44074008879500876,0.5983333333333333,0.5004588144190947,"{""fresh"": {""precision"": 0.05128205128205128, ""recall"": 0.01, ""f1-score"": 0.016736401673640166, ""support"": 200.0}, ""not fresh"": {""precision"": 0.6912280701754386, ""recall"": 0.985, ""f1-score"": 0.8123711340206186, ""support"": 200.0}, ""spoiled"": {""precision"": 0.5797101449275363, ""recall"": 0.8, ""f1-score"": 0.6722689075630253, ""support"": 200.0}, ""accuracy"": 0.5983333333333334, ""macro avg"": {""precision"": 0.44074008879500876, ""recall"": 0.5983333333333333, ""f1-score"": 0.5004588144190947, ""support"": 600.0}, ""weighted avg"": {""precision"": 0.44074008879500864, ""recall"": 0.5983333333333334, ""f1-score"": 0.5004588144190947, ""support"": 600.0}}","[[2, 82, 116], [3, 197, 0], [34, 6, 160]]","[[0.01, 0.41, 0.58], [0.015, 0.985, 0.0], [0.17, 0.03, 0.8]]","{""fresh"": 39, ""not fresh"": 285, ""spoiled"": 276}",0.05128205128205128,0.01,0.016736401673640166,200,0.6912280701754386,0.985,0.8123711340206186,200,0.5797101449275363,0.8,0.6722689075630253,200,0.6316666666666667,0.75,0.25,0.6516666666666666,0.665,0.10333333333333333,0.9540219993694968,0.12833333333333333
2026-05-18T16:28:11.097259,MobileNetV3Small,cross_rotation,fold2,123,cnn_only,preprocessed_segmented_roi_224,segmented6_cnn_only_fold2_seed123,e:\Thesis Code\training_outputs\mobilenetv3small_segmented6_cnn_only\models\segmented6_cnn_only_fold2_seed123.h5,e:\Thesis Code\training_outputs\mobilenetv3small_segmented6_cnn_only\models\segmented6_cnn_only_fold2_seed123.tflite,pork_shoulder_sample_2,shoulder,partner_home,old_phone,600,2438,430,e:\Thesis Code\training_outputs\mobilenetv3small_segmented6_cnn_only\predictions\segmented6_cnn_only_fold2_seed123_predictions.csv,4.735282897949219,3.8665237426757812,2.422655383333525,0.01810027865694831,"{'loss': [0.7644197940826416, 0.38111862540245056, 0.3204447031021118, 0.26675814390182495, 0.2230803221464157, 0.20983323454856873, 0.2105562388896942, 0.1746128499507904], 'accuracy': [0.6685808300971985, 0.8572600483894348, 0.8744872808456421, 0.9044298529624939, 0.910582423210144, 0.9183757305145264, 0.9179655313491821, 0.9347826242446899], 'val_loss': [0.37284308671951294, 0.23678874969482422, 0.2110399454832077, 0.1761450469493866, 0.16425934433937073, 0.13815097510814667, 0.12805956602096558, 0.11190661787986755], 'val_accuracy': [0.8558139801025391, 0.9209302067756653, 0.9255813956260681, 0.9465116262435913, 0.9372093081474304, 0.9558139443397522, 0.9534883499145508, 0.9627906680107117], 'val_f1_macro': [0.8607060128659599, 0.9228148301804575, 0.9277019561390012, 0.9476703621362126, 0.9387890085398981, 0.9570412194375639, 0.9544871794871795, 0.9635761498775198], 'lr': [0.0005, 0.0005, 0.0005, 0.0005, 0.0005, 0.0005, 0.0005, 0.0005]}","{'loss': [0.1743207424879074, 0.1677592694759369, 0.16458527743816376, 0.16390524804592133, 0.16542910039424896], 'accuracy': [0.937243640422821, 0.9290401935577393, 0.9347826242446899, 0.9327317476272583, 0.9388843178749084], 'val_loss': [0.11248835921287537, 0.11515161395072937, 0.11572842299938202, 0.1153939738869667, 0.11675497144460678], 'val_accuracy': [0.9651162624359131, 0.960465133190155, 0.960465133190155, 0.960465133190155, 0.960465133190155], 'val_f1_macro': [0.9658229963273853, 0.9612145401224997, 0.9612145401224997, 0.9612145401224997, 0.9612145401224997], 'lr': [1e-05, 1e-05, 1e-05, 5e-06, 5e-06]}",,"{""0"": 1.1011743450767841, ""1"": 0.956078431372549, ""2"": 0.956078431372549}",0.5933333333333334,0.43983621260509126,0.5933333333333333,0.49650090672319586,"{""fresh"": {""precision"": 0.05714285714285714, ""recall"": 0.01, ""f1-score"": 0.01702127659574468, ""support"": 200.0}, ""not fresh"": {""precision"": 0.7105263157894737, ""recall"": 0.945, ""f1-score"": 0.8111587982832618, ""support"": 200.0}, ""spoiled"": {""precision"": 0.5518394648829431, ""recall"": 0.825, ""f1-score"": 0.6613226452905812, ""support"": 200.0}, ""accuracy"": 0.5933333333333334, ""macro avg"": {""precision"": 0.43983621260509126, ""recall"": 0.5933333333333333, ""f1-score"": 0.49650090672319586, ""support"": 600.0}, ""weighted avg"": {""precision"": 0.43983621260509137, ""recall"": 0.5933333333333334, ""f1-score"": 0.49650090672319586, ""support"": 600.0}}","[[2, 65, 133], [10, 189, 1], [23, 12, 165]]","[[0.01, 0.325, 0.665], [0.05, 0.945, 0.005], [0.115, 0.06, 0.825]]","{""fresh"": 35, ""not fresh"": 266, ""spoiled"": 299}",0.05714285714285714,0.01,0.01702127659574468,200,0.7105263157894737,0.945,0.8111587982832618,200,0.5518394648829431,0.825,0.6613226452905812,200,0.64,0.74,0.26,0.6666666666666666,0.7066666666666667,0.18333333333333332,0.9355516660403698,0.08
2026-05-18T16:30:33.946958,MobileNetV3Small,cross_rotation,fold2,2026,cnn_only,preprocessed_segmented_roi_224,segmented6_cnn_only_fold2_seed2026,e:\Thesis Code\training_outputs\mobilenetv3small_segmented6_cnn_only\models\segmented6_cnn_only_fold2_seed2026.h5,e:\Thesis Code\training_outputs\mobilenetv3small_segmented6_cnn_only\models\segmented6_cnn_only_fold2_seed2026.tflite,pork_shoulder_sample_2,shoulder,partner_home,old_phone,600,2438,430,e:\Thesis Code\training_outputs\mobilenetv3small_segmented6_cnn_only\predictions\segmented6_cnn_only_fold2_seed2026_predictions.csv,4.735282897949219,3.8665237426757812,2.597297783333488,0.1501260195042596,"{'loss': [0.867764413356781, 0.4276828169822693, 0.3175683915615082, 0.2700923979282379, 0.23756186664104462, 0.22216255962848663, 0.1899794638156891, 0.19098342955112457], 'accuracy': [0.6140279173851013, 0.8388022780418396, 0.8822805881500244, 0.8941755294799805, 0.9015586376190186, 0.911812961101532, 0.924118161201477, 0.924118161201477], 'val_loss': [0.3748152256011963, 0.2646346986293793, 0.22522662580013275, 0.16926732659339905, 0.1561402827501297, 0.15199020504951477, 0.13379007577896118, 0.12446770071983337], 'val_accuracy': [0.8976744413375854, 0.909302294254303, 0.9209302067756653, 0.9465116262435913, 0.9534883499145508, 0.9465116262435913, 0.9558139443397522, 0.9558139443397522], 'val_f1_macro': [0.9002051970247006, 0.9118882083694567, 0.9230951590725902, 0.9476503821151233, 0.9543757090546703, 0.9478059845738782, 0.9566070076339003, 0.9567423629752101], 'lr': [0.0005, 0.0005, 0.0005, 0.0005, 0.0005, 0.0005, 0.0005, 0.0005]}","{'loss': [0.18121971189975739, 0.17383752763271332, 0.17007175087928772, 0.1687180995941162, 0.16397783160209656], 'accuracy': [0.9306808710098267, 0.933552086353302, 0.9360131025314331, 0.9331419467926025, 0.9397046566009521], 'val_loss': [0.12137818336486816, 0.12225097417831421, 0.12407616525888443, 0.12331409752368927, 0.12299025058746338], 'val_accuracy': [0.9627906680107117, 0.9581395387649536, 0.9558139443397522, 0.9558139443397522, 0.9558139443397522], 'val_f1_macro': [0.9637445887445888, 0.9591314499275844, 0.9567527303202792, 0.9567527303202792, 0.9567527303202792], 'lr': [1e-05, 1e-05, 1e-05, 5e-06, 5e-06]}",,"{""0"": 1.1011743450767841, ""1"": 0.956078431372549, ""2"": 0.956078431372549}",0.62,0.4603425229741019,0.62,0.5114411468591036,"{""fresh"": {""precision"": 0.09523809523809523, ""recall"": 0.01, ""f1-score"": 0.01809954751131222, ""support"": 200.0}, ""not fresh"": {""precision"": 0.72, ""recall"": 0.99, ""f1-score"": 0.8336842105263158, ""support"": 200.0}, ""spoiled"": {""precision"": 0.5657894736842105, ""recall"": 0.86, ""f1-score"": 0.6825396825396826, ""support"": 200.0}, ""accuracy"": 0.62, ""macro avg"": {""precision"": 0.4603425229741019, ""recall"": 0.62, ""f1-score"": 0.5114411468591036, ""support"": 600.0}, ""weighted avg"": {""precision"": 0.4603425229741019, ""recall"": 0.62, ""f1-score"": 0.5114411468591035, ""support"": 600.0}}","[[2, 66, 132], [2, 198, 0], [17, 11, 172]]","[[0.01, 0.33, 0.66], [0.01, 0.99, 0.0], [0.085, 0.055, 0.86]]","{""fresh"": 21, ""not fresh"": 275, ""spoiled"": 304}",0.09523809523809523,0.01,0.01809954751131222,200,0.72,0.99,0.8336842105263158,200,0.5657894736842105,0.86,0.6825396825396826,200,0.645,0.7516666666666667,0.24833333333333332,0.6283333333333333,0.6383333333333333,0.12,0.9584179903314414,0.028333333333333332
2026-05-18T16:32:58.613196,MobileNetV3Small,cross_rotation,fold3,42,cnn_only,preprocessed_segmented_roi_224,segmented6_cnn_only_fold3_seed42,e:\Thesis Code\training_outputs\mobilenetv3small_segmented6_cnn_only\models\segmented6_cnn_only_fold3_seed42.h5,e:\Thesis Code\training_outputs\mobilenetv3small_segmented6_cnn_only\models\segmented6_cnn_only_fold3_seed42.tflite,pork_belly_sample_3,belly,researcher_home,old_phone,518,2508,442,e:\Thesis Code\training_outputs\mobilenetv3small_segmented6_cnn_only\predictions\segmented6_cnn_only_fold3_seed42_predictions.csv,4.735282897949219,3.8665237426757812,2.434967876447849,0.05627236634873789,"{'loss': [0.8385458588600159, 0.39232659339904785, 0.2925667464733124, 0.22509509325027466, 0.20658905804157257, 0.1766439825296402, 0.1735980063676834, 0.15481576323509216], 'accuracy': [0.6307814717292786, 0.8552631735801697, 0.8927432298660278, 0.9198564291000366, 0.920255184173584, 0.9377990365028381, 0.9358054399490356, 0.9413875341415405], 'val_loss': [0.33906474709510803, 0.24712438881397247, 0.1703629195690155, 0.1351340115070343, 0.1318177729845047, 0.1419379711151123, 0.11966371536254883, 0.11824459582567215], 'val_accuracy': [0.9162896275520325, 0.92533940076828, 0.9570136070251465, 0.954751193523407, 0.9524887204170227, 0.954751193523407, 0.9615384936332703, 0.966063380241394], 'val_f1_macro': [0.917631526043131, 0.9262875517553343, 0.9576637211181319, 0.9551210321669762, 0.9529279008674475, 0.9552235062798443, 0.9619329208779837, 0.9664931048351958], 'lr': [0.0005, 0.0005, 0.0005, 0.0005, 0.0005, 0.00025, 0.00025, 0.00025]}","{'loss': [0.1563214510679245, 0.16098369657993317, 0.15119735896587372, 0.15223507583141327, 0.14950503408908844], 'accuracy': [0.9473683834075928, 0.9441786408424377, 0.9437798857688904, 0.9421849846839905, 0.9441786408424377], 'val_loss': [0.12116699665784836, 0.12074988335371017, 0.1202806606888771, 0.11929731070995331, 0.11997944116592407], 'val_accuracy': [0.9638009667396545, 0.9638009667396545, 0.9638009667396545, 0.9638009667396545, 0.9638009667396545], 'val_f1_macro': [0.9642579642579644, 0.9642579642579644, 0.9642126559514442, 0.9642126559514442, 0.9642126559514442], 'lr': [1e-05, 1e-05, 1e-05, 5e-06, 5e-06]}",,"{""0"": 1.0346534653465347, ""1"": 0.9835294117647059, ""2"": 0.9835294117647059}",0.6872586872586872,0.68,0.7137853107344633,0.6634882874135211,"{""fresh"": {""precision"": 0.5473684210526316, ""recall"": 0.8813559322033898, ""f1-score"": 0.6753246753246753, ""support"": 118.0}, ""not fresh"": {""precision"": 0.69, ""recall"": 0.345, ""f1-score"": 0.46, ""support"": 200.0}, ""spoiled"": {""precision"": 0.8026315789473685, ""recall"": 0.915, ""f1-score"": 0.8551401869158879, ""support"": 200.0}, ""accuracy"": 0.6872586872586872, ""macro avg"": {""precision"": 0.68, ""recall"": 0.7137853107344633, ""f1-score"": 0.6634882874135211, ""support"": 518.0}, ""weighted avg"": {""precision"": 0.70099573257468, ""recall"": 0.6872586872586872, ""f1-score"": 0.6616145734970835, ""support"": 518.0}}","[[104, 14, 0], [86, 69, 45], [0, 17, 183]]","[[0.8813559322033898, 0.11864406779661017, 0.0], [0.43, 0.345, 0.225], [0.0, 0.085, 0.915]]","{""fresh"": 190, ""not fresh"": 100, ""spoiled"": 228}",0.5473684210526316,0.8813559322033898,0.6753246753246753,118,0.69,0.345,0.46,200,0.8026315789473685,0.915,0.8551401869158879,200,0.915057915057915,1.0,0.0,0.3127413127413127,0.7432432432432432,0.21428571428571427,0.9471060145486352,0.1138996138996139
2026-05-18T16:35:25.079982,MobileNetV3Small,cross_rotation,fold3,123,cnn_only,preprocessed_segmented_roi_224,segmented6_cnn_only_fold3_seed123,e:\Thesis Code\training_outputs\mobilenetv3small_segmented6_cnn_only\models\segmented6_cnn_only_fold3_seed123.h5,e:\Thesis Code\training_outputs\mobilenetv3small_segmented6_cnn_only\models\segmented6_cnn_only_fold3_seed123.tflite,pork_belly_sample_3,belly,researcher_home,old_phone,518,2508,442,e:\Thesis Code\training_outputs\mobilenetv3small_segmented6_cnn_only\predictions\segmented6_cnn_only_fold3_seed123_predictions.csv,4.735282897949219,3.8665237426757812,2.5128077799224533,0.08337445847284779,"{'loss': [0.7576093673706055, 0.3887753486633301, 0.27561303973197937, 0.23037144541740417, 0.19121690094470978, 0.17856360971927643, 0.17242838442325592, 0.15913665294647217], 'accuracy': [0.6718500852584839, 0.8608452677726746, 0.9023125767707825, 0.9138755798339844, 0.9374002814292908, 0.9350079894065857, 0.9421849846839905, 0.9441786408424377], 'val_loss': [0.3287699818611145, 0.2144705206155777, 0.159146249294281, 0.1363627016544342, 0.12718670070171356, 0.1345173865556717, 0.11300378292798996, 0.10923463851213455], 'val_accuracy': [0.9230769872665405, 0.9389140605926514, 0.9502263069152832, 0.9592760801315308, 0.9615384936332703, 0.9615384936332703, 0.9592760801315308, 0.966063380241394], 'val_f1_macro': [0.9240450873900915, 0.9395154305296654, 0.950678980343931, 0.9596861471861472, 0.9619329208779837, 0.9620207716726971, 0.9596517931052899, 0.9664455607801571], 'lr': [0.0005, 0.0005, 0.0005, 0.0005, 0.0005, 0.0005, 0.0005, 0.00025]}","{'loss': [0.14187239110469818, 0.1393788456916809, 0.14490574598312378, 0.14516855776309967, 0.12575595080852509], 'accuracy': [0.9481658339500427, 0.9529505372047424, 0.9489632844924927, 0.9441786408424377, 0.9529505372047424], 'val_loss': [0.11230919510126114, 0.11131163686513901, 0.1113751158118248, 0.11132519692182541, 0.1114841103553772], 'val_accuracy': [0.966063380241394, 0.9638009667396545, 0.966063380241394, 0.9638009667396545, 0.966063380241394], 'val_f1_macro': [0.9664455607801571, 0.9641654641654642, 0.9664455607801571, 0.9641654641654642, 0.9664455607801571], 'lr': [1e-05, 1e-05, 1e-05, 5e-06, 5e-06]}",,"{""0"": 1.0346534653465347, ""1"": 0.9835294117647059, ""2"": 0.9835294117647059}",0.6872586872586872,0.6938146648672965,0.723050847457627,0.6551291561229556,"{""fresh"": {""precision"": 0.5743589743589743, ""recall"": 0.9491525423728814, ""f1-score"": 0.7156549520766773, ""support"": 118.0}, ""not fresh"": {""precision"": 0.75, ""recall"": 0.285, ""f1-score"": 0.41304347826086957, ""support"": 200.0}, ""spoiled"": {""precision"": 0.757085020242915, ""recall"": 0.935, ""f1-score"": 0.8366890380313199, ""support"": 200.0}, ""accuracy"": 0.6872586872586872, ""macro avg"": {""precision"": 0.6938146648672965, ""recall"": 0.723050847457627, ""f1-score"": 0.6551291561229556, ""support"": 518.0}, ""weighted avg"": {""precision"": 0.7127246390404285, ""recall"": 0.6872586872586872, ""f1-score"": 0.6455478525163818, ""support"": 518.0}}","[[112, 6, 0], [83, 57, 60], [0, 13, 187]]","[[0.9491525423728814, 0.05084745762711865, 0.0], [0.415, 0.285, 0.3], [0.0, 0.065, 0.935]]","{""fresh"": 195, ""not fresh"": 76, ""spoiled"": 247}",0.5743589743589743,0.9491525423728814,0.7156549520766773,118,0.75,0.285,0.41304347826086957,200,0.757085020242915,0.935,0.8366890380313199,200,0.8667953667953668,1.0,0.0,0.3127413127413127,0.7027027027027027,0.20656370656370657,0.9552144821929304,0.11583011583011583
2026-05-18T16:37:53.462402,MobileNetV3Small,cross_rotation,fold3,2026,cnn_only,preprocessed_segmented_roi_224,segmented6_cnn_only_fold3_seed2026,e:\Thesis Code\training_outputs\mobilenetv3small_segmented6_cnn_only\models\segmented6_cnn_only_fold3_seed2026.h5,e:\Thesis Code\training_outputs\mobilenetv3small_segmented6_cnn_only\models\segmented6_cnn_only_fold3_seed2026.tflite,pork_belly_sample_3,belly,researcher_home,old_phone,518,2508,442,e:\Thesis Code\training_outputs\mobilenetv3small_segmented6_cnn_only\predictions\segmented6_cnn_only_fold3_seed2026_predictions.csv,4.735282897949219,3.8665237426757812,2.687241447876525,0.27319014941229947,"{'loss': [0.8733274340629578, 0.3912234306335449, 0.2913382947444916, 0.23795336484909058, 0.20085227489471436, 0.17709635198116302, 0.16631540656089783, 0.1574040651321411], 'accuracy': [0.6080542206764221, 0.8568580150604248, 0.8939393758773804, 0.9158692359924316, 0.9286283850669861, 0.9318181872367859, 0.9429824352264404, 0.9465709328651428], 'val_loss': [0.33257463574409485, 0.25357937812805176, 0.17598232626914978, 0.1633068025112152, 0.13128139078617096, 0.12179920077323914, 0.13627786934375763, 0.12667898833751678], 'val_accuracy': [0.92533940076828, 0.9208145141601562, 0.9502263069152832, 0.9524887204170227, 0.9570136070251465, 0.9615384936332703, 0.9638009667396545, 0.9638009667396545], 'val_f1_macro': [0.9259247488390981, 0.9213496568959024, 0.9507354354128549, 0.9529825959919437, 0.9574395820366425, 0.9618999555580593, 0.9641654641654642, 0.9643825706753645], 'lr': [0.0005, 0.0005, 0.0005, 0.0005, 0.0005, 0.0005, 0.0005, 0.0005]}","{'loss': [0.156661719083786, 0.14478471875190735, 0.14367267489433289, 0.14116333425045013, 0.1378033459186554], 'accuracy': [0.9437798857688904, 0.9449760913848877, 0.9481658339500427, 0.9485645890235901, 0.9521530866622925], 'val_loss': [0.11809366196393967, 0.11610677093267441, 0.11597272753715515, 0.11663871258497238, 0.11597096920013428], 'val_accuracy': [0.966063380241394, 0.966063380241394, 0.966063380241394, 0.966063380241394, 0.966063380241394], 'val_f1_macro': [0.9664931048351958, 0.9664931048351958, 0.9664931048351958, 0.9664931048351958, 0.9664931048351958], 'lr': [1e-05, 1e-05, 1e-05, 5e-06, 5e-06]}",,"{""0"": 1.0346534653465347, ""1"": 0.9835294117647059, ""2"": 0.9835294117647059}",0.6602316602316602,0.642015392015392,0.6742372881355932,0.6411097119357417,"{""fresh"": {""precision"": 0.5113636363636364, ""recall"": 0.7627118644067796, ""f1-score"": 0.6122448979591837, ""support"": 118.0}, ""not fresh"": {""precision"": 0.5952380952380952, ""recall"": 0.375, ""f1-score"": 0.4601226993865031, ""support"": 200.0}, ""spoiled"": {""precision"": 0.8194444444444444, ""recall"": 0.885, ""f1-score"": 0.8509615384615384, ""support"": 200.0}, ""accuracy"": 0.6602316602316602, ""macro avg"": {""precision"": 0.642015392015392, ""recall"": 0.6742372881355932, ""f1-score"": 0.6411097119357417, ""support"": 518.0}, ""weighted avg"": {""precision"": 0.6626977162691449, ""recall"": 0.6602316602316602, ""f1-score"": 0.6456790454223784, ""support"": 518.0}}","[[90, 28, 0], [86, 75, 39], [0, 23, 177]]","[[0.7627118644067796, 0.23728813559322035, 0.0], [0.43, 0.375, 0.195], [0.0, 0.115, 0.885]]","{""fresh"": 176, ""not fresh"": 126, ""spoiled"": 216}",0.5113636363636364,0.7627118644067796,0.6122448979591837,118,0.5952380952380952,0.375,0.4601226993865031,200,0.8194444444444444,0.885,0.8509615384615384,200,0.88996138996139,1.0,0.0,0.33976833976833976,0.6988416988416989,0.22393822393822393,0.9416458641217836,0.09845559845559845
2026-05-18T16:40:22.778557,MobileNetV3Small,cross_rotation,fold4,42,cnn_only,preprocessed_segmented_roi_224,segmented6_cnn_only_fold4_seed42,e:\Thesis Code\training_outputs\mobilenetv3small_segmented6_cnn_only\models\segmented6_cnn_only_fold4_seed42.h5,e:\Thesis Code\training_outputs\mobilenetv3small_segmented6_cnn_only\models\segmented6_cnn_only_fold4_seed42.tflite,pork_belly_sample_4,belly,partner_home,old_phone,550,2480,438,e:\Thesis Code\training_outputs\mobilenetv3small_segmented6_cnn_only\predictions\segmented6_cnn_only_fold4_seed42_predictions.csv,4.735282897949219,3.8665237426757812,2.5496719636364356,0.013142659555089704,"{'loss': [0.9395010471343994, 0.45389655232429504, 0.3413389325141907, 0.245018869638443, 0.23752492666244507, 0.19769413769245148, 0.18207304179668427, 0.1669035404920578], 'accuracy': [0.5939515829086304, 0.8245967626571655, 0.8754032254219055, 0.9108870625495911, 0.909274160861969, 0.92580646276474, 0.9334677457809448, 0.9338709712028503], 'val_loss': [0.42277926206588745, 0.24218176305294037, 0.18685702979564667, 0.1649549901485443, 0.1353527456521988, 0.1355169266462326, 0.1364295780658722, 0.124678835272789], 'val_accuracy': [0.8767123818397522, 0.9269406795501709, 0.9429224133491516, 0.9452055096626282, 0.9611872434616089, 0.9497717618942261, 0.9611872434616089, 0.9589041471481323], 'val_f1_macro': [0.8799665129556433, 0.9287064307476637, 0.9439579206358625, 0.946150624131537, 0.9616843476035557, 0.9502821974531326, 0.9618734707986221, 0.959111130272694], 'lr': [0.0005, 0.0005, 0.0005, 0.0005, 0.0005, 0.0005, 0.0005, 0.0005]}","{'loss': [0.17591862380504608, 0.16274762153625488, 0.16007854044437408, 0.15502716600894928, 0.14889924228191376], 'accuracy': [0.9322580695152283, 0.9350806474685669, 0.9399193525314331, 0.9423387050628662, 0.9451612830162048], 'val_loss': [0.11637750267982483, 0.11956051737070084, 0.11902574449777603, 0.11988716572523117, 0.12095396220684052], 'val_accuracy': [0.9657534956932068, 0.9611872434616089, 0.9611872434616089, 0.9611872434616089, 0.9589041471481323], 'val_f1_macro': [0.966342639051776, 0.9618543722322505, 0.9618543722322505, 0.9618543722322505, 0.9595935453030323], 'lr': [1e-05, 1e-05, 1e-05, 5e-06, 5e-06]}",,"{""0"": 1.0598290598290598, ""1"": 0.9725490196078431, ""2"": 0.9725490196078431}",0.5727272727272728,0.5312911725955205,0.6083333333333334,0.5182205755468711,"{""fresh"": {""precision"": 0.6521739130434783, ""recall"": 1.0, ""f1-score"": 0.7894736842105263, ""support"": 150.0}, ""not fresh"": {""precision"": 0.4090909090909091, ""recall"": 0.09, ""f1-score"": 0.14754098360655737, ""support"": 200.0}, ""spoiled"": {""precision"": 0.532608695652174, ""recall"": 0.735, ""f1-score"": 0.6176470588235294, ""support"": 200.0}, ""accuracy"": 0.5727272727272728, ""macro avg"": {""precision"": 0.5312911725955205, ""recall"": 0.6083333333333334, ""f1-score"": 0.5182205755468711, ""support"": 550.0}, ""weighted avg"": {""precision"": 0.520301832554797, ""recall"": 0.5727272727272728, ""f1-score"": 0.4935612020319933, ""support"": 550.0}}","[[150, 0, 0], [53, 18, 129], [27, 26, 147]]","[[1.0, 0.0, 0.0], [0.265, 0.09, 0.645], [0.135, 0.13, 0.735]]","{""fresh"": 230, ""not fresh"": 44, ""spoiled"": 276}",0.6521739130434783,1.0,0.7894736842105263,150,0.4090909090909091,0.09,0.14754098360655737,200,0.532608695652174,0.735,0.6176470588235294,200,0.9381818181818182,0.9509090909090909,0.04909090909090909,0.4763636363636364,0.4309090909090909,0.09636363636363636,0.9583378587148886,0.02
2026-05-18T16:43:02.994713,MobileNetV3Small,cross_rotation,fold4,123,cnn_only,preprocessed_segmented_roi_224,segmented6_cnn_only_fold4_seed123,e:\Thesis Code\training_outputs\mobilenetv3small_segmented6_cnn_only\models\segmented6_cnn_only_fold4_seed123.h5,e:\Thesis Code\training_outputs\mobilenetv3small_segmented6_cnn_only\models\segmented6_cnn_only_fold4_seed123.tflite,pork_belly_sample_4,belly,partner_home,old_phone,550,2480,438,e:\Thesis Code\training_outputs\mobilenetv3small_segmented6_cnn_only\predictions\segmented6_cnn_only_fold4_seed123_predictions.csv,4.735282897949219,3.8665237426757812,2.754523763636495,0.02346489905198085,"{'loss': [0.7925558090209961, 0.41093090176582336, 0.31904923915863037, 0.24532318115234375, 0.2326371669769287, 0.1874283105134964, 0.17113658785820007, 0.15571026504039764], 'accuracy': [0.6387096643447876, 0.845967710018158, 0.8745967745780945, 0.9153225421905518, 0.9072580337524414, 0.9338709712028503, 0.9362903237342834, 0.9379032254219055], 'val_loss': [0.34445855021476746, 0.24414147436618805, 0.18342192471027374, 0.1441652476787567, 0.13474354147911072, 0.1378381848335266, 0.11693202704191208, 0.12596917152404785], 'val_accuracy': [0.9223744869232178, 0.9246575832366943, 0.9452055096626282, 0.9680365920066833, 0.9611872434616089, 0.9543379545211792, 0.9657534956932068, 0.9611872434616089], 'val_f1_macro': [0.9237457898370706, 0.926299730328945, 0.9463908270789515, 0.9681800262102316, 0.9617115173335095, 0.9552101431289816, 0.9661544218836765, 0.9617796004067509], 'lr': [0.0005, 0.0005, 0.0005, 0.0005, 0.0005, 0.0005, 0.00025, 0.00025]}","{'loss': [0.22750318050384521, 0.2217763066291809, 0.2149924635887146, 0.2179844230413437, 0.22309547662734985, 0.22283583879470825], 'accuracy': [0.9141128659248352, 0.9149193167686462, 0.9217742085456848, 0.9181451201438904, 0.9149193167686462, 0.9133064150810242], 'val_loss': [0.1448061168193817, 0.14423620700836182, 0.1455768495798111, 0.14585809409618378, 0.1438247263431549, 0.1433260440826416], 'val_accuracy': [0.9634703993797302, 0.9634703993797302, 0.9611872434616089, 0.9589041471481323, 0.9589041471481323, 0.9589041471481323], 'val_f1_macro': [0.9638977580938648, 0.9639336960837975, 0.9617115173335095, 0.9594010516075805, 0.9594010516075805, 0.9594010516075805], 'lr': [1e-05, 1e-05, 1e-05, 5e-06, 5e-06, 2.5e-06]}",,"{""0"": 1.0598290598290598, ""1"": 0.9725490196078431, ""2"": 0.9725490196078431}",0.6763636363636364,0.6809801742196376,0.7033333333333335,0.6705330245536193,"{""fresh"": {""precision"": 0.6329113924050633, ""recall"": 1.0, ""f1-score"": 0.7751937984496124, ""support"": 150.0}, ""not fresh"": {""precision"": 0.674074074074074, ""recall"": 0.455, ""f1-score"": 0.5432835820895522, ""support"": 200.0}, ""spoiled"": {""precision"": 0.7359550561797753, ""recall"": 0.655, ""f1-score"": 0.6931216931216931, ""support"": 200.0}, ""accuracy"": 0.6763636363636364, ""macro avg"": {""precision"": 0.6809801742196376, ""recall"": 0.7033333333333335, ""f1-score"": 0.6705330245536193, ""support"": 550.0}, ""weighted avg"": {""precision"": 0.685350063475508, ""recall"": 0.6763636363636364, ""f1-score"": 0.6610184087448926, ""support"": 550.0}}","[[150, 0, 0], [62, 91, 47], [25, 44, 131]]","[[1.0, 0.0, 0.0], [0.31, 0.455, 0.235], [0.125, 0.22, 0.655]]","{""fresh"": 237, ""not fresh"": 135, ""spoiled"": 178}",0.6329113924050633,1.0,0.7751937984496124,150,0.674074074074074,0.455,0.5432835820895522,200,0.7359550561797753,0.655,0.6931216931216931,200,0.9054545454545454,0.9545454545454546,0.045454545454545456,0.3690909090909091,0.6072727272727273,0.2963636363636364,0.9175065001503366,0.05272727272727273
2026-05-18T16:45:45.327719,MobileNetV3Small,cross_rotation,fold4,2026,cnn_only,preprocessed_segmented_roi_224,segmented6_cnn_only_fold4_seed2026,e:\Thesis Code\training_outputs\mobilenetv3small_segmented6_cnn_only\models\segmented6_cnn_only_fold4_seed2026.h5,e:\Thesis Code\training_outputs\mobilenetv3small_segmented6_cnn_only\models\segmented6_cnn_only_fold4_seed2026.tflite,pork_belly_sample_4,belly,partner_home,old_phone,550,2480,438,e:\Thesis Code\training_outputs\mobilenetv3small_segmented6_cnn_only\predictions\segmented6_cnn_only_fold4_seed2026_predictions.csv,4.735282897949219,3.8665237426757812,2.735831018181092,0.020452469122040597,"{'loss': [0.8843133449554443, 0.4373188614845276, 0.31722813844680786, 0.26284724473953247, 0.21565164625644684, 0.20639696717262268, 0.19417278468608856, 0.18090519309043884], 'accuracy': [0.6076613068580627, 0.8262096643447876, 0.875806450843811, 0.8955644965171814, 0.9217742085456848, 0.9213709831237793, 0.9310483932495117, 0.9310483932495117], 'val_loss': [0.3605981171131134, 0.2508704662322998, 0.1880003660917282, 0.15136314928531647, 0.13302244246006012, 0.13520951569080353, 0.11688656359910965, 0.12400694936513901], 'val_accuracy': [0.8926941156387329, 0.9063927531242371, 0.9543379545211792, 0.9497717618942261, 0.9474886655807495, 0.9497717618942261, 0.9634703993797302, 0.9611872434616089], 'val_f1_macro': [0.8934429396737995, 0.9085326159405985, 0.9550375278611384, 0.9506194619183072, 0.9481235390296273, 0.9505666791701836, 0.9638696888957536, 0.9616411385334208], 'lr': [0.0005, 0.0005, 0.0005, 0.0005, 0.0005, 0.00025, 0.00025, 0.00025]}","{'loss': [0.17323027551174164, 0.1554109901189804, 0.16700220108032227, 0.16021056473255157, 0.16907311975955963, 0.16309994459152222], 'accuracy': [0.9362903237342834, 0.9431451559066772, 0.9427419304847717, 0.9419354796409607, 0.9379032254219055, 0.9403225779533386], 'val_loss': [0.12121828645467758, 0.11873415857553482, 0.11853449791669846, 0.12045684456825256, 0.11903613805770874, 0.11839119344949722], 'val_accuracy': [0.9611872434616089, 0.9634703993797302, 0.9634703993797302, 0.9611872434616089, 0.9634703993797302, 0.9634703993797302], 'val_f1_macro': [0.9616411385334208, 0.9638696888957536, 0.9638696888957536, 0.9616411385334208, 0.9638696888957536, 0.9638696888957536], 'lr': [1e-05, 1e-05, 1e-05, 1e-05, 5e-06, 5e-06]}",,"{""0"": 1.0598290598290598, ""1"": 0.9725490196078431, ""2"": 0.9725490196078431}",0.5654545454545454,0.5296596250440475,0.6016666666666667,0.5255124782248304,"{""fresh"": {""precision"": 0.6122448979591837, ""recall"": 1.0, ""f1-score"": 0.759493670886076, ""support"": 150.0}, ""not fresh"": {""precision"": 0.417910447761194, ""recall"": 0.14, ""f1-score"": 0.20973782771535582, ""support"": 200.0}, ""spoiled"": {""precision"": 0.5588235294117647, ""recall"": 0.665, ""f1-score"": 0.6073059360730594, ""support"": 200.0}, ""accuracy"": 0.5654545454545454, ""macro avg"": {""precision"": 0.5296596250440475, ""recall"": 0.6016666666666667, ""f1-score"": 0.5255124782248304, ""support"": 550.0}, ""weighted avg"": {""precision"": 0.5221518729608532, ""recall"": 0.5654545454545454, ""f1-score"": 0.5042414607101717, ""support"": 550.0}}","[[150, 0, 0], [67, 28, 105], [28, 39, 133]]","[[1.0, 0.0, 0.0], [0.335, 0.14, 0.525], [0.14, 0.195, 0.665]]","{""fresh"": 245, ""not fresh"": 67, ""spoiled"": 238}",0.6122448979591837,1.0,0.759493670886076,150,0.417910447761194,0.14,0.20973782771535582,200,0.5588235294117647,0.665,0.6073059360730594,200,0.9363636363636364,0.9490909090909091,0.05090909090909091,0.48545454545454547,0.5254545454545455,0.18181818181818182,0.9435916132303515,0.01090909090909091
2026-05-18T16:48:51.834049,MobileNetV3Small,cross_rotation,fold5,42,cnn_only,preprocessed_segmented_roi_224,segmented6_cnn_only_fold5_seed42,e:\Thesis Code\training_outputs\mobilenetv3small_segmented6_cnn_only\models\segmented6_cnn_only_fold5_seed42.h5,e:\Thesis Code\training_outputs\mobilenetv3small_segmented6_cnn_only\models\segmented6_cnn_only_fold5_seed42.tflite,pork_ham_sample_5,ham,researcher_home,new_phone,600,2438,430,e:\Thesis Code\training_outputs\mobilenetv3small_segmented6_cnn_only\predictions\segmented6_cnn_only_fold5_seed42_predictions.csv,4.735282897949219,3.8665237426757812,2.919495083333156,0.09307299491626475,"{'loss': [0.8613818287849426, 0.4156842827796936, 0.28079745173454285, 0.21301618218421936, 0.21299609541893005, 0.19253234565258026, 0.18538369238376617, 0.1539863497018814], 'accuracy': [0.6283839344978333, 0.8314191699028015, 0.8941755294799805, 0.9175553917884827, 0.9191960692405701, 0.9245283007621765, 0.9315012097358704, 0.9425758719444275], 'val_loss': [0.36894115805625916, 0.22628037631511688, 0.18429766595363617, 0.16624021530151367, 0.16963766515254974, 0.13529174029827118, 0.12526603043079376, 0.14205512404441833], 'val_accuracy': [0.9069767594337463, 0.9302325248718262, 0.9418604373931885, 0.9511628150939941, 0.9395349025726318, 0.9534883499145508, 0.9558139443397522, 0.9511628150939941], 'val_f1_macro': [0.9097386980249524, 0.9321356213327947, 0.9436814781642369, 0.9527848781184406, 0.9410465189187077, 0.9549427389998403, 0.9568537104785065, 0.9526989006642758], 'lr': [0.0005, 0.0005, 0.0005, 0.0005, 0.0005, 0.0005, 0.0005, 0.0005]}","{'loss': [0.14488030970096588, 0.15061476826667786, 0.1421632021665573, 0.15196217596530914, 0.1435973048210144, 0.13797283172607422, 0.14665625989437103, 0.13892115652561188, 0.1415613889694214], 'accuracy': [0.9487284421920776, 0.9483183026313782, 0.9438064098358154, 0.9454470872879028, 0.9433962106704712, 0.9470877647399902, 0.9479081034660339, 0.9479081034660339, 0.9499589800834656], 'val_loss': [0.1341610997915268, 0.13231997191905975, 0.13001208007335663, 0.13050712645053864, 0.12954987585544586, 0.1287132352590561, 0.12770618498325348, 0.12780581414699554, 0.12699049711227417], 'val_accuracy': [0.9511628150939941, 0.9511628150939941, 0.9511628150939941, 0.9511628150939941, 0.9534883499145508, 0.9534883499145508, 0.9534883499145508, 0.9534883499145508, 0.9534883499145508], 'val_f1_macro': [0.9526989006642758, 0.9526989006642758, 0.9526989006642758, 0.9526989006642758, 0.9549427389998403, 0.9549427389998403, 0.9549427389998403, 0.9549427389998403, 0.9549427389998403], 'lr': [1e-05, 1e-05, 1e-05, 5e-06, 5e-06, 5e-06, 5e-06, 2.5e-06, 2.5e-06]}",,"{""0"": 1.1011743450767841, ""1"": 0.956078431372549, ""2"": 0.956078431372549}",0.5183333333333333,0.5824317802930596,0.5183333333333333,0.48556980343653117,"{""fresh"": {""precision"": 0.48091603053435117, ""recall"": 0.945, ""f1-score"": 0.6374367622259697, ""support"": 200.0}, ""not fresh"": {""precision"": 0.9080459770114943, ""recall"": 0.395, ""f1-score"": 0.5505226480836237, ""support"": 200.0}, ""spoiled"": {""precision"": 0.35833333333333334, ""recall"": 0.215, ""f1-score"": 0.26875, ""support"": 200.0}, ""accuracy"": 0.5183333333333333, ""macro avg"": {""precision"": 0.5824317802930596, ""recall"": 0.5183333333333333, ""f1-score"": 0.48556980343653117, ""support"": 600.0}, ""weighted avg"": {""precision"": 0.5824317802930595, ""recall"": 0.5183333333333333, ""f1-score"": 0.4855698034365311, ""support"": 600.0}}","[[189, 8, 3], [47, 79, 74], [157, 0, 43]]","[[0.945, 0.04, 0.015], [0.235, 0.395, 0.37], [0.785, 0.0, 0.215]]","{""fresh"": 393, ""not fresh"": 87, ""spoiled"": 120}",0.48091603053435117,0.945,0.6374367622259697,200,0.9080459770114943,0.395,0.5505226480836237,200,0.35833333333333334,0.215,0.26875,200,0.935,0.7333333333333333,0.26666666666666666,0.7483333333333333,0.71,0.18,0.9516801594623497,0.33666666666666667
2026-05-18T16:51:33.043347,MobileNetV3Small,cross_rotation,fold5,123,cnn_only,preprocessed_segmented_roi_224,segmented6_cnn_only_fold5_seed123,e:\Thesis Code\training_outputs\mobilenetv3small_segmented6_cnn_only\models\segmented6_cnn_only_fold5_seed123.h5,e:\Thesis Code\training_outputs\mobilenetv3small_segmented6_cnn_only\models\segmented6_cnn_only_fold5_seed123.tflite,pork_ham_sample_5,ham,researcher_home,new_phone,600,2438,430,e:\Thesis Code\training_outputs\mobilenetv3small_segmented6_cnn_only\predictions\segmented6_cnn_only_fold5_seed123_predictions.csv,4.735282897949219,3.8665237426757812,2.8053121500000393,0.04096837463214905,"{'loss': [0.7683642506599426, 0.3608873188495636, 0.28182661533355713, 0.23551280796527863, 0.19355839490890503, 0.1894647181034088, 0.16826103627681732, 0.16287878155708313], 'accuracy': [0.6591468453407288, 0.863412618637085, 0.8958162665367126, 0.9114027619361877, 0.9278096556663513, 0.9315012097358704, 0.9351927638053894, 0.9380639791488647], 'val_loss': [0.3651690185070038, 0.2273378223180771, 0.17365610599517822, 0.15323007106781006, 0.1484079211950302, 0.16247741878032684, 0.12817709147930145, 0.12425652146339417], 'val_accuracy': [0.8813953399658203, 0.934883713722229, 0.9465116262435913, 0.9488372206687927, 0.9465116262435913, 0.9441860318183899, 0.9558139443397522, 0.9558139443397522], 'val_f1_macro': [0.8848343224782163, 0.9365664411461219, 0.9479399533742132, 0.9501566848552582, 0.9481526398653445, 0.9455635816218123, 0.9573260935060627, 0.9570629958423282], 'lr': [0.0005, 0.0005, 0.0005, 0.0005, 0.0005, 0.0005, 0.00025, 0.00025]}","{'loss': [0.16231732070446014, 0.15460380911827087, 0.13972797989845276, 0.15483081340789795, 0.15210981667041779], 'accuracy': [0.937243640422821, 0.9360131025314331, 0.9454470872879028, 0.942165732383728, 0.9479081034660339], 'val_loss': [0.12339606881141663, 0.12419441342353821, 0.1244959607720375, 0.12399210035800934, 0.12417500466108322], 'val_accuracy': [0.9558139443397522, 0.9534883499145508, 0.9534883499145508, 0.9534883499145508, 0.9534883499145508], 'val_f1_macro': [0.9571840841083871, 0.9549427389998403, 0.9549427389998403, 0.9549427389998403, 0.9549427389998403], 'lr': [1e-05, 1e-05, 1e-05, 5e-06, 5e-06]}",,"{""0"": 1.1011743450767841, ""1"": 0.956078431372549, ""2"": 0.956078431372549}",0.6016666666666667,0.6855267219031811,0.6016666666666667,0.5696646880285837,"{""fresh"": {""precision"": 0.573134328358209, ""recall"": 0.96, ""f1-score"": 0.7177570093457943, ""support"": 200.0}, ""not fresh"": {""precision"": 0.9344262295081968, ""recall"": 0.285, ""f1-score"": 0.4367816091954023, ""support"": 200.0}, ""spoiled"": {""precision"": 0.5490196078431373, ""recall"": 0.56, ""f1-score"": 0.5544554455445545, ""support"": 200.0}, ""accuracy"": 0.6016666666666667, ""macro avg"": {""precision"": 0.6855267219031811, ""recall"": 0.6016666666666667, ""f1-score"": 0.5696646880285837, ""support"": 600.0}, ""weighted avg"": {""precision"": 0.6855267219031811, ""recall"": 0.6016666666666667, ""f1-score"": 0.5696646880285837, ""support"": 600.0}}","[[192, 4, 4], [55, 57, 88], [88, 0, 112]]","[[0.96, 0.02, 0.02], [0.275, 0.285, 0.44], [0.44, 0.0, 0.56]]","{""fresh"": 335, ""not fresh"": 61, ""spoiled"": 204}",0.573134328358209,0.96,0.7177570093457943,200,0.9344262295081968,0.285,0.4367816091954023,200,0.5490196078431373,0.56,0.5544554455445545,200,0.9333333333333333,0.8466666666666667,0.15333333333333332,0.5516666666666666,0.6866666666666666,0.21166666666666667,0.9243605993070655,0.385
2026-05-18T16:54:20.276791,MobileNetV3Small,cross_rotation,fold5,2026,cnn_only,preprocessed_segmented_roi_224,segmented6_cnn_only_fold5_seed2026,e:\Thesis Code\training_outputs\mobilenetv3small_segmented6_cnn_only\models\segmented6_cnn_only_fold5_seed2026.h5,e:\Thesis Code\training_outputs\mobilenetv3small_segmented6_cnn_only\models\segmented6_cnn_only_fold5_seed2026.tflite,pork_ham_sample_5,ham,researcher_home,new_phone,600,2438,430,e:\Thesis Code\training_outputs\mobilenetv3small_segmented6_cnn_only\predictions\segmented6_cnn_only_fold5_seed2026_predictions.csv,4.735282897949219,3.8665237426757812,3.141205566666637,0.03236727833283228,"{'loss': [0.8702675700187683, 0.3886715769767761, 0.29414233565330505, 0.24504713714122772, 0.21230651438236237, 0.2108353078365326, 0.17374828457832336, 0.16307300329208374], 'accuracy': [0.6226415038108826, 0.8568499088287354, 0.8941755294799805, 0.9077112674713135, 0.9187858700752258, 0.9249384999275208, 0.9339622855186462, 0.9397046566009521], 'val_loss': [0.35158297419548035, 0.27871549129486084, 0.2082507163286209, 0.17559672892093658, 0.14668317139148712, 0.1882779449224472, 0.13603991270065308, 0.14806419610977173], 'val_accuracy': [0.9139534831047058, 0.8999999761581421, 0.9232558012008667, 0.9465116262435913, 0.9465116262435913, 0.9279069900512695, 0.9488372206687927, 0.9465116262435913], 'val_f1_macro': [0.9164349105498197, 0.9022298456260721, 0.9253412387795237, 0.9480723178232076, 0.9479399533742132, 0.9301739344546839, 0.9501828611935953, 0.9479399533742132], 'lr': [0.0005, 0.0005, 0.0005, 0.0005, 0.0005, 0.0005, 0.00025, 0.00025]}","{'loss': [0.15262751281261444, 0.15543197095394135, 0.1546819806098938, 0.1568423956632614, 0.13791006803512573], 'accuracy': [0.9429860711097717, 0.9429860711097717, 0.9376538395881653, 0.9425758719444275, 0.9499589800834656], 'val_loss': [0.13909262418746948, 0.13713279366493225, 0.13800740242004395, 0.13769172132015228, 0.13632754981517792], 'val_accuracy': [0.9465116262435913, 0.9465116262435913, 0.9465116262435913, 0.9465116262435913, 0.9465116262435913], 'val_f1_macro': [0.9479399533742132, 0.9479399533742132, 0.9479399533742132, 0.9479399533742132, 0.9479399533742132], 'lr': [1e-05, 1e-05, 1e-05, 5e-06, 5e-06]}",,"{""0"": 1.1011743450767841, ""1"": 0.956078431372549, ""2"": 0.956078431372549}",0.45,0.5055660011340913,0.44999999999999996,0.3833345957323943,"{""fresh"": {""precision"": 0.42483660130718953, ""recall"": 0.975, ""f1-score"": 0.5918057663125948, ""support"": 200.0}, ""not fresh"": {""precision"": 0.9411764705882353, ""recall"": 0.32, ""f1-score"": 0.47761194029850745, ""support"": 200.0}, ""spoiled"": {""precision"": 0.1506849315068493, ""recall"": 0.055, ""f1-score"": 0.08058608058608059, ""support"": 200.0}, ""accuracy"": 0.45, ""macro avg"": {""precision"": 0.5055660011340913, ""recall"": 0.44999999999999996, ""f1-score"": 0.3833345957323943, ""support"": 600.0}, ""weighted avg"": {""precision"": 0.5055660011340913, ""recall"": 0.45, ""f1-score"": 0.38333459573239426, ""support"": 600.0}}","[[195, 2, 3], [77, 64, 59], [187, 2, 11]]","[[0.975, 0.01, 0.015], [0.385, 0.32, 0.295], [0.935, 0.01, 0.055]]","{""fresh"": 459, ""not fresh"": 68, ""spoiled"": 73}",0.42483660130718953,0.975,0.5918057663125948,200,0.9411764705882353,0.32,0.47761194029850745,200,0.1506849315068493,0.055,0.08058608058608059,200,0.9166666666666666,0.6833333333333333,0.31666666666666665,0.8666666666666667,0.6133333333333333,0.19833333333333333,0.9315108775540635,0.25333333333333335
2026-05-18T16:57:42.805727,MobileNetV3Small,cross_rotation,fold6,42,cnn_only,preprocessed_segmented_roi_224,segmented6_cnn_only_fold6_seed42,e:\Thesis Code\training_outputs\mobilenetv3small_segmented6_cnn_only\models\segmented6_cnn_only_fold6_seed42.h5,e:\Thesis Code\training_outputs\mobilenetv3small_segmented6_cnn_only\models\segmented6_cnn_only_fold6_seed42.tflite,pork_ham_sample_6,ham,partner_home,new_phone,600,2438,430,e:\Thesis Code\training_outputs\mobilenetv3small_segmented6_cnn_only\predictions\segmented6_cnn_only_fold6_seed42_predictions.csv,4.735282897949219,3.8665237426757812,3.2055835333333866,0.29774556361208615,"{'loss': [0.789998471736908, 0.36293673515319824, 0.24412712454795837, 0.20265373587608337, 0.19572104513645172, 0.17521363496780396, 0.1580340415239334, 0.14260421693325043], 'accuracy': [0.6488925218582153, 0.8687448501586914, 0.9081214070320129, 0.9269893169403076, 0.9302707314491272, 0.9364233016967773, 0.9450368881225586, 0.9417555332183838], 'val_loss': [0.3219161331653595, 0.21814703941345215, 0.17046168446540833, 0.15389034152030945, 0.14958667755126953, 0.13057948648929596, 0.11682858318090439, 0.13630884885787964], 'val_accuracy': [0.9162790775299072, 0.9325581192970276, 0.9465116262435913, 0.9488372206687927, 0.9488372206687927, 0.9534883499145508, 0.9534883499145508, 0.9488372206687927], 'val_f1_macro': [0.9184975277554548, 0.9341897437037113, 0.9483546231683301, 0.9503562140741685, 0.9506387789323217, 0.9550883380336624, 0.954895401460287, 0.9504275946762938], 'lr': [0.0005, 0.0005, 0.0005, 0.0005, 0.0005, 0.0005, 0.0005, 0.0005]}","{'loss': [0.13602674007415771, 0.13711430132389069, 0.1312120407819748, 0.13157597184181213, 0.12109087407588959, 0.12538780272006989, 0.13244184851646423, 0.1287889927625656, 0.1313195526599884], 'accuracy': [0.9483183026313782, 0.9474979639053345, 0.9544708728790283, 0.9503691792488098, 0.955291211605072, 0.9528301954269409, 0.9540607333183289, 0.9507793188095093, 0.9450368881225586], 'val_loss': [0.1308457851409912, 0.1299029290676117, 0.1305067092180252, 0.1292986124753952, 0.1279020607471466, 0.12662337720394135, 0.1260795295238495, 0.12606573104858398, 0.1255432814359665], 'val_accuracy': [0.9511628150939941, 0.9511628150939941, 0.9488372206687927, 0.9511628150939941, 0.9534883499145508, 0.9534883499145508, 0.9534883499145508, 0.9534883499145508, 0.9534883499145508], 'val_f1_macro': [0.9526651621275741, 0.9526651621275741, 0.9504275946762938, 0.9526651621275741, 0.9549001762475143, 0.9549001762475143, 0.9549001762475143, 0.9549001762475143, 0.9549001762475143], 'lr': [1e-05, 1e-05, 1e-05, 5e-06, 5e-06, 5e-06, 5e-06, 2.5e-06, 2.5e-06]}",,"{""0"": 1.1011743450767841, ""1"": 0.956078431372549, ""2"": 0.956078431372549}",0.33666666666666667,0.4643091028159791,0.33666666666666667,0.19465895813840906,"{""fresh"": {""precision"": 1.0, ""recall"": 0.01, ""f1-score"": 0.019801980198019802, ""support"": 200.0}, ""not fresh"": {""precision"": 0.3929273084479371, ""recall"": 1.0, ""f1-score"": 0.5641748942172073, ""support"": 200.0}, ""spoiled"": {""precision"": 0.0, ""recall"": 0.0, ""f1-score"": 0.0, ""support"": 200.0}, ""accuracy"": 0.33666666666666667, ""macro avg"": {""precision"": 0.4643091028159791, ""recall"": 0.33666666666666667, ""f1-score"": 0.19465895813840906, ""support"": 600.0}, ""weighted avg"": {""precision"": 0.46430910281597904, ""recall"": 0.33666666666666667, ""f1-score"": 0.19465895813840906, ""support"": 600.0}}","[[2, 109, 89], [0, 200, 0], [0, 200, 0]]","[[0.01, 0.545, 0.445], [0.0, 1.0, 0.0], [0.0, 1.0, 0.0]]","{""fresh"": 2, ""not fresh"": 509, ""spoiled"": 89}",1.0,0.01,0.019801980198019802,200,0.3929273084479371,1.0,0.5641748942172073,200,0.0,0.0,0.0,200,0.72,0.8516666666666667,0.14833333333333334,0.8116666666666666,0.21,0.02,0.9223205186788318,0.03833333333333333
2026-05-18T17:00:45.641775,MobileNetV3Small,cross_rotation,fold6,123,cnn_only,preprocessed_segmented_roi_224,segmented6_cnn_only_fold6_seed123,e:\Thesis Code\training_outputs\mobilenetv3small_segmented6_cnn_only\models\segmented6_cnn_only_fold6_seed123.h5,e:\Thesis Code\training_outputs\mobilenetv3small_segmented6_cnn_only\models\segmented6_cnn_only_fold6_seed123.tflite,pork_ham_sample_6,ham,partner_home,new_phone,600,2438,430,e:\Thesis Code\training_outputs\mobilenetv3small_segmented6_cnn_only\predictions\segmented6_cnn_only_fold6_seed123_predictions.csv,4.735282897949219,3.8665237426757812,3.1838826499997595,0.06423899668949681,"{'loss': [0.7257576584815979, 0.32966476678848267, 0.2553580105304718, 0.20992685854434967, 0.1702725887298584, 0.16666004061698914, 0.15411733090877533, 0.14071941375732422], 'accuracy': [0.6767842769622803, 0.8765381574630737, 0.9064807295799255, 0.9278096556663513, 0.942165732383728, 0.9401148557662964, 0.9425758719444275, 0.9466776251792908], 'val_loss': [0.31111493706703186, 0.2031358927488327, 0.16359856724739075, 0.15196776390075684, 0.1389688104391098, 0.12909817695617676, 0.12068107724189758, 0.11378359794616699], 'val_accuracy': [0.9139534831047058, 0.9418604373931885, 0.9441860318183899, 0.9488372206687927, 0.9511628150939941, 0.9488372206687927, 0.9534883499145508, 0.9558139443397522], 'val_f1_macro': [0.9168454544127735, 0.9435671759917371, 0.9456699396731922, 0.9502847425034285, 0.9526651621275741, 0.9501406261969643, 0.9549001762475143, 0.957019744749025], 'lr': [0.0005, 0.0005, 0.0005, 0.0005, 0.0005, 0.0005, 0.0005, 0.0005]}","{'loss': [0.1517350971698761, 0.13035240769386292, 0.12926018238067627, 0.13397252559661865, 0.12839242815971375], 'accuracy': [0.9446267485618591, 0.9499589800834656, 0.9524199962615967, 0.9495488405227661, 0.9557014107704163], 'val_loss': [0.11314462870359421, 0.11655823141336441, 0.11762573570013046, 0.11713563650846481, 0.1184116005897522], 'val_accuracy': [0.9534883499145508, 0.9534883499145508, 0.9534883499145508, 0.9534883499145508, 0.9534883499145508], 'val_f1_macro': [0.9549001762475143, 0.9549001762475143, 0.9549001762475143, 0.9549001762475143, 0.9549001762475143], 'lr': [1e-05, 1e-05, 1e-05, 5e-06, 5e-06]}",,"{""0"": 1.1011743450767841, ""1"": 0.956078431372549, ""2"": 0.956078431372549}",0.3333333333333333,0.1304631441617743,0.3333333333333333,0.1875293014533521,"{""fresh"": {""precision"": 0.0, ""recall"": 0.0, ""f1-score"": 0.0, ""support"": 200.0}, ""not fresh"": {""precision"": 0.3913894324853229, ""recall"": 1.0, ""f1-score"": 0.5625879043600562, ""support"": 200.0}, ""spoiled"": {""precision"": 0.0, ""recall"": 0.0, ""f1-score"": 0.0, ""support"": 200.0}, ""accuracy"": 0.3333333333333333, ""macro avg"": {""precision"": 0.1304631441617743, ""recall"": 0.3333333333333333, ""f1-score"": 0.1875293014533521, ""support"": 600.0}, ""weighted avg"": {""precision"": 0.1304631441617743, ""recall"": 0.3333333333333333, ""f1-score"": 0.1875293014533521, ""support"": 600.0}}","[[0, 111, 89], [0, 200, 0], [0, 200, 0]]","[[0.0, 0.555, 0.445], [0.0, 1.0, 0.0], [0.0, 1.0, 0.0]]","{""fresh"": 0, ""not fresh"": 511, ""spoiled"": 89}",0.0,0.0,0.0,200,0.3913894324853229,1.0,0.5625879043600562,200,0.0,0.0,0.0,200,0.67,0.8516666666666667,0.14833333333333334,0.815,0.27666666666666667,0.045,0.9258690248301,0.006666666666666667
2026-05-18T17:03:50.620960,MobileNetV3Small,cross_rotation,fold6,2026,cnn_only,preprocessed_segmented_roi_224,segmented6_cnn_only_fold6_seed2026,e:\Thesis Code\training_outputs\mobilenetv3small_segmented6_cnn_only\models\segmented6_cnn_only_fold6_seed2026.h5,e:\Thesis Code\training_outputs\mobilenetv3small_segmented6_cnn_only\models\segmented6_cnn_only_fold6_seed2026.tflite,pork_ham_sample_6,ham,partner_home,new_phone,600,2438,430,e:\Thesis Code\training_outputs\mobilenetv3small_segmented6_cnn_only\predictions\segmented6_cnn_only_fold6_seed2026_predictions.csv,4.735282897949219,3.8665237426757812,3.462334033333415,0.10703402386540385,"{'loss': [0.8622735738754272, 0.3850367069244385, 0.26875385642051697, 0.22774064540863037, 0.1816377341747284, 0.1872064620256424, 0.15721096098423004, 0.14830748736858368], 'accuracy': [0.6210008263587952, 0.8597210645675659, 0.906890869140625, 0.9159147143363953, 0.9356029629707336, 0.9269893169403076, 0.9401148557662964, 0.9425758719444275], 'val_loss': [0.3386538326740265, 0.24285535514354706, 0.19574561715126038, 0.16326533257961273, 0.1459171026945114, 0.13713280856609344, 0.12548178434371948, 0.13158930838108063], 'val_accuracy': [0.9302325248718262, 0.9255813956260681, 0.9418604373931885, 0.9441860318183899, 0.9441860318183899, 0.9511628150939941, 0.9558139443397522, 0.9511628150939941], 'val_f1_macro': [0.9319235333530625, 0.9276677781120816, 0.943698033755689, 0.9458078559014322, 0.9456699396731922, 0.9526651621275741, 0.9568974511271634, 0.9526651621275741], 'lr': [0.0005, 0.0005, 0.0005, 0.0005, 0.0005, 0.0005, 0.0005, 0.0005]}","{'loss': [0.1269208937883377, 0.12663958966732025, 0.13731640577316284, 0.1306818723678589, 0.12248091399669647], 'accuracy': [0.9573420882225037, 0.9540607333183289, 0.951599657535553, 0.9524199962615967, 0.9507793188095093], 'val_loss': [0.12762756645679474, 0.12741804122924805, 0.12745249271392822, 0.1263277381658554, 0.12748634815216064], 'val_accuracy': [0.9534883499145508, 0.9534883499145508, 0.9534883499145508, 0.9534883499145508, 0.9534883499145508], 'val_f1_macro': [0.9549001762475143, 0.9549001762475143, 0.9549001762475143, 0.9549001762475143, 0.9549001762475143], 'lr': [1e-05, 1e-05, 1e-05, 5e-06, 5e-06]}",,"{""0"": 1.1011743450767841, ""1"": 0.956078431372549, ""2"": 0.956078431372549}",0.3433333333333333,0.45410628019323673,0.3433333333333333,0.19672244026716243,"{""fresh"": {""precision"": 1.0, ""recall"": 0.03, ""f1-score"": 0.05825242718446602, ""support"": 200.0}, ""not fresh"": {""precision"": 0.36231884057971014, ""recall"": 1.0, ""f1-score"": 0.5319148936170213, ""support"": 200.0}, ""spoiled"": {""precision"": 0.0, ""recall"": 0.0, ""f1-score"": 0.0, ""support"": 200.0}, ""accuracy"": 0.3433333333333333, ""macro avg"": {""precision"": 0.45410628019323673, ""recall"": 0.3433333333333333, ""f1-score"": 0.19672244026716243, ""support"": 600.0}, ""weighted avg"": {""precision"": 0.4541062801932367, ""recall"": 0.3433333333333333, ""f1-score"": 0.19672244026716243, ""support"": 600.0}}","[[6, 152, 42], [0, 200, 0], [0, 200, 0]]","[[0.03, 0.76, 0.21], [0.0, 1.0, 0.0], [0.0, 1.0, 0.0]]","{""fresh"": 6, ""not fresh"": 552, ""spoiled"": 42}",1.0,0.03,0.05825242718446602,200,0.36231884057971014,1.0,0.5319148936170213,200,0.0,0.0,0.0,200,0.8616666666666667,0.93,0.07,0.7266666666666667,0.26,0.14166666666666666,0.8892911298521634,0.018333333333333333
